first name,last name,current date,designation,age,salery,unit,leaves used,leaves remaining,ratings,past exp,gender
TOMASA,ARMEN,01-07-2016,Analyst,21,44570,Finance,24,6,2,0,female
ANNIE,,01-07-2016,Associate,,89207,Web,35,13,2,7,male
OLIVE,ANCY,01-07-2016,Analyst,21,40955,Finance,23,7,3,0,male
CHERRY,AQUILAR,01-07-2016,Analyst,22,45550,IT,22,8,3,0,male
LEON,ABOULAHOUD,01-07-2016,Analyst,,43161,Operations,27,3,5,3,male
VICTORIA,,01-07-2016,Analyst,22,48736,Marketing,20,10,4,0,female
ELLIOT,AGULAR,01-07-2016,Analyst,22,40339,Marketing,19,11,5,0,female
JACQUES,AKMAL,01-07-2016,Analyst,,40058,Marketing,29,1,2,2,female
KATHY,ALSOP,01-07-2016,Senior Analyst,28,63478,Operations,20,10,3,1,male
LILIAN,APELA,01-07-2016,Analyst,22,43110,Finance,15,15,3,0,female
BELLE,ARDS,01-07-2016,Analyst,24,41590,Marketing,22,8,4,1,male
VIRGIL,ACKIES,01-07-2016,Senior Manager,36,160613,Finance,67,11,2,9,female
WELDON,AIVAO,01-07-2016,Analyst,24,44828,Finance,15,15,5,1,male
BOYD,AFTON,01-07-2016,Analyst,21,45830,Web,23,7,2,0,female
BART,AGUILLERA,01-07-2016,Analyst,24,43457,Management,30,0,4,1,male
CORINNE,ANDRZEJCZYK,01-07-2016,Analyst,21,44812,IT,16,32,5,0,male
ALONZO,ADSIDE,01-07-2016,Analyst,25,47636,Finance,27,3,3,2,female
ROYCE,AGOSTO,01-07-2016,Analyst,24,48651,Web,27,3,5,1,male
BURTON,AGUILER,01-07-2016,Analyst,23,40411,Management,21,9,3,0,male
PHILLIP,ABDULA,01-07-2016,Analyst,24,44665,Web,22,12,5,0,male
ORVILLE,ADNEY,01-07-2016,Analyst,25,46941,Marketing,23,7,3,1,female
KORY,ALEGRIA,01-07-2016,Analyst,22,47734,Marketing,28,2,5,0,female
NETTIE,ANDRADA,01-07-2016,Analyst,23,40541,Operations,15,15,5,1,male
WENDI,APPERT,01-07-2016,Analyst,25,43920,Web,28,,2,2,female
BRENT,ABRIL,01-07-2016,Analyst,21,45832,Management,28,2,2,0,male
HARRIETTE,ARMSTRONG,01-07-2016,Analyst,23,48102,Marketing,17,13,2,0,female
GARLAND,AGLER,01-07-2016,Analyst,21,48662,Management,30,0,5,0,female
OSWALDO,ALLENBAUGH,01-07-2016,Analyst,25,49685,Operations,15,15,2,1,female
SEYMOUR,ALBEN,01-07-2016,Senior Analyst,25,57488,Operations,25,5,3,0,male
ROXANNE,AMRINE,01-07-2016,Analyst,21,45410,Marketing,29,1,2,0,male
CLAUD,ALLATEEF,01-07-2016,Analyst,21,43030,Management,22,8,5,0,male
MARIANNA,ARGENTIERI,01-07-2016,Analyst,22,42388,Management,30,0,5,0,female
FOSTER,ALDERMAN,01-07-2016,Senior Analyst,26,68295,Operations,28,2,5,3,female
MAUDIE,ARENIVAR,01-07-2016,Associate,29,73397,Web,30,0,5,2,male
TORI,ARCE,01-07-2016,Analyst,22,47008,Management,27,3,2,0,male
KELLEY,ALLAM,01-07-2016,Analyst,23,49898,Marketing,19,11,5,1,male
HILLARY,ANTONIA,01-07-2016,Analyst,23,45389,Management,27,3,2,1,female
MICKEY,AGRAMONTE,01-07-2016,Analyst,22,49326,Web,29,1,3,0,male
ROSIE,AMILL,01-07-2016,Analyst,24,49901,Web,24,6,4,0,male
GAVIN,AINI,01-07-2016,Analyst,24,42529,IT,23,7,2,2,male
ANNABELLE,ANTROBUS,01-07-2016,Analyst,25,44448,Finance,25,5,5,2,female
CHRISTINE,ALPHONSE,01-07-2016,Senior Manager,39,175497,Marketing,30,0,4,13,female
MELODIE,ARMENT,01-07-2016,Analyst,25,47739,IT,21,9,4,2,male
MICHELL,ARCH,01-07-2016,Analyst,25,49046,Web,25,5,4,2,female
ANDREW,ABALOZ,01-07-2016,Analyst,25,47961,Operations,20,10,3,2,male
LUCRETIA,ARGYLE,01-07-2016,Associate,29,96378,Operations,23,7,2,5,male
JODY,ADOLFO,01-07-2016,Associate,32,76411,IT,16,14,4,9,female
GILDA,ARANCIBIA,01-07-2016,Analyst,23,40264,Web,24,6,2,0,female
JOSPEH,ALLIS,01-07-2016,Analyst,22,45364,Web,20,10,2,0,female
KING,ALIMENT,01-07-2016,Analyst,22,42013,Web,27,3,4,0,male
KURT,ACEVEDO,01-07-2016,Analyst,25,42362,Marketing,24,6,5,2,female
LYNNETTE,APRUZZESE,01-07-2016,Analyst,25,44620,Finance,26,4,5,2,female
DANIELA,ARIAIL,01-07-2016,Analyst,23,43285,Operations,23,7,5,1,male
CARI,ARENALES,01-07-2016,Senior Analyst,28,66338,Web,24,6,3,5,male
ANGELITA,ARAGUS,01-07-2016,Analyst,25,46436,IT,27,3,4,2,female
ISABELLE,ANGERMAN,01-07-2016,Analyst,24,49705,Management,28,2,3,0,male
NORBERT,AHALT,01-07-2016,Analyst,21,40095,Management,19,11,3,0,female
PAULINE,ALTSHULER,01-07-2016,Senior Analyst,28,61647,Finance,28,2,4,3,male
JANETTE,ANEZ,01-07-2016,Analyst,21,42811,Marketing,22,8,3,0,female
CHARLENE,AMANO,01-07-2016,Analyst,25,47365,Finance,15,15,2,2,female
HOWARD,ABDELWAHED,01-07-2016,Analyst,22,45721,Operations,18,12,5,0,male
PAUL,AANENSON,01-07-2016,Analyst,25,49976,Web,25,5,2,1,male
CORTEZ,ALLINDER,01-07-2016,Analyst,21,42650,Marketing,21,9,2,0,male
AHMAD,ALCANTARA,01-07-2016,Analyst,25,44632,Management,27,3,3,3,female
JONAH,ALEWINE,01-07-2016,Analyst,25,48389,Operations,15,15,3,3,female
DARIN,AFABLE,01-07-2016,Analyst,21,48665,Operations,18,12,2,0,female
ALONSO,ALMANZA,01-07-2016,Associate,31,72886,Management,21,9,4,6,female
RENE,ANKLAM,01-07-2016,Analyst,21,45225,IT,28,2,5,0,male
RILEY,AIKINS,01-07-2016,Senior Analyst,25,60712,Finance,26,4,4,0,female
WYATT,ALBERTS,01-07-2016,Analyst,24,41290,Operations,17,13,3,1,male
KIMBERLEE,ARCIGA,01-07-2016,Analyst,21,44993,IT,18,12,2,0,female
KRISTA,AMRICH,01-07-2016,Analyst,24,46118,IT,22,8,4,1,male
MARYJANE,ARES,01-07-2016,Senior Analyst,25,65212,Management,29,1,5,1,female
SAVANNAH,APREA,01-07-2016,Senior Manager,38,193621,Operations,19,11,4,9,male
NATALIE,AMALONG,01-07-2016,Analyst,23,44223,Marketing,19,11,2,0,male
MARY,ALMESTICA,01-07-2016,Senior Analyst,27,53339,Finance,26,4,2,1,male
KAYLA,AMLIN,01-07-2016,Analyst,24,43638,Web,29,1,3,1,female
JULIAN,ACKERLEY,01-07-2016,Analyst,22,44963,Marketing,21,9,2,0,male
JO,AMBLER,01-07-2016,Analyst,21,42686,Marketing,22,8,3,0,female
KASEY,APFEL,01-07-2016,Analyst,21,40381,Web,22,8,2,0,female
IONA,ARGALL,01-07-2016,Analyst,21,48461,Finance,15,15,5,0,male
ALBERTA,AMIS,01-07-2016,Analyst,25,46584,Marketing,18,12,4,1,female
WILMER,AKIONA,01-07-2016,Senior Analyst,25,50739,IT,25,5,3,0,male
MELVIN,ABERNATHA,01-07-2016,Associate,31,82083,Management,17,13,3,5,female
CORA,AMESQUITA,01-07-2016,Analyst,23,40324,Operations,27,3,2,1,female
EVERETT,ACHILLES,01-07-2016,Analyst,23,44001,Management,26,4,3,1,male
DOTTIE,ARDREY,01-07-2016,Analyst,22,43059,Management,30,0,3,0,female
CORINE,APAEZ,01-07-2016,Analyst,24,41685,Finance,30,0,2,2,female
DARIO,ALESSI,01-07-2016,Associate,28,95982,Operations,26,4,4,0,female
HILDA,AMBROSIUS,01-07-2016,Analyst,23,44699,Management,26,4,3,0,female
ELOISA,ARGIE,01-07-2016,Senior Analyst,28,52690,Marketing,30,0,5,3,female
HEIDI,AMAZAN,01-07-2016,Analyst,21,40041,Management,18,12,4,0,female
KATELYN,APPENZELLER,01-07-2016,Senior Analyst,28,56314,Finance,16,14,5,3,male
WILLIS,ADAN,01-07-2016,Analyst,25,49785,Operations,26,4,3,2,male
RUTH,ALO,01-07-2016,Analyst,24,41284,Web,29,1,5,1,female
JOSEFA,APPLEWHAITE,01-07-2016,Analyst,22,40562,Finance,26,4,5,0,female
OSCAR,ABLING,01-07-2016,Analyst,22,46741,Operations,30,0,2,0,female
ROOSEVELT,ADES,01-07-2016,Analyst,24,45100,Operations,28,2,2,1,male
MARVIN,ABELS,01-07-2016,Analyst,22,41712,IT,23,7,5,0,male
MARCELLA,AMY,01-07-2016,Analyst,24,47069,Operations,20,10,4,1,male
KARL,ACCETTURO,01-07-2016,Analyst,25,40460,Web,28,2,3,1,female
WALTER,ABATE,01-07-2016,Analyst,24,47068,Finance,28,2,4,0,male
ELIZA,ANSBACHER,01-07-2016,Senior Analyst,25,50813,Marketing,26,4,2,0,female
YONG,ALDERFER,01-07-2016,Manager,33,129191,Operations,22,8,4,3,female
CARI,ARENALES,01-07-2016,Senior Analyst,28,66338,Web,24,6,3,5,female
ALVA,ALAMPI,01-07-2016,Analyst,24,46749,Operations,28,2,5,2,male
REINA,ARMAGOST,01-07-2016,Manager,33,108665,Finance,15,15,2,6,female
ERICKA,ANTHONY,01-07-2016,Associate,32,76964,Management,23,7,5,5,male
LUIGI,ALLYNE,01-07-2016,Analyst,24,47417,Marketing,21,9,3,1,male
JEFFEREY,ALEXY,01-07-2016,Analyst,21,47669,IT,25,5,5,0,male
ROBERT,ARCAND,01-07-2016,Analyst,21,40318,Finance,20,10,3,0,male
HAYWOOD,ALKINS,01-07-2016,Analyst,23,46743,IT,17,13,2,0,female
STAN,AGRESTO,01-07-2016,Analyst,25,40060,Management,20,10,2,2,male
BETTIE,ANDUJAR,01-07-2016,Analyst,25,46129,Management,20,10,3,2,female
ALLAN,ACEVES,01-07-2016,Senior Manager,38,189435,Marketing,19,11,4,10,male
ELEANORE,ARENA,01-07-2016,Senior Analyst,26,62537,Management,27,3,2,0,male
ERIC,ABAJIAN,01-07-2016,Analyst,24,44145,Management,17,13,5,1,male
LEIGH,ANAWALT,01-07-2016,Analyst,22,47998,Marketing,23,7,5,0,female
ARON,ALBOR,01-07-2016,Analyst,25,49310,Marketing,16,14,2,2,female
KAREN,ALMSTEAD,01-07-2016,Analyst,24,49235,Management,17,13,4,1,female
KENDRICK,AHIMUD,01-07-2016,Senior Analyst,26,68245,Finance,26,4,3,0,male
LAKESHA,ARDEN,01-07-2016,Analyst,23,47498,Finance,25,5,5,1,male
JUNIOR,AGORAS,01-07-2016,Analyst,25,40636,Finance,26,4,4,3,female
ERNESTINE,AMUSO,01-07-2016,Analyst,25,45233,Operations,25,5,4,1,male
TERESITA,ARENTZ,01-07-2016,Senior Analyst,27,53275,Finance,16,14,4,4,female
ESTHER,ALTSCHULER,01-07-2016,Analyst,24,43540,Web,17,13,5,1,female
BERRY,ALDONZA,01-07-2016,Analyst,21,40275,Management,30,0,5,0,female
WENDELL,ACREE,01-07-2016,Analyst,21,44361,Web,28,2,5,0,female
RUBEN,ABSHEAR,01-07-2016,Analyst,25,41936,Web,16,14,2,1,female
PATTIE,ARGUIN,01-07-2016,Analyst,21,45830,Finance,25,5,5,0,male
ISABEL,AMICI,01-07-2016,Analyst,23,44521,Web,28,2,3,0,female
BRODERICK,ALMERICO,01-07-2016,Analyst,22,45997,Management,18,12,3,0,female
JEREMY,ABDELLA,01-07-2016,Analyst,25,44218,Finance,19,11,2,2,female
KELLI,AMORIELLO,01-07-2016,Manager,35,140926,Finance,28,2,2,12,male
MARIETTA,APPLEBAUM,01-07-2016,Analyst,21,48886,Operations,23,7,3,0,female
CHADWICK,ALATOSSE,01-07-2016,Analyst,23,49081,Operations,26,4,3,1,female
NONA,APODACA,01-07-2016,Analyst,23,42195,Operations,28,2,2,0,male
JON,ABOLT,01-07-2016,Senior Analyst,25,50130,Marketing,22,8,3,0,male
JORDON,ALLARA,01-07-2016,Senior Analyst,25,55472,Finance,30,0,3,0,female
LAWRENCE,ABBOT,01-07-2016,Analyst,25,43269,Operations,17,13,5,1,female
LEANNE,ANNABEL,01-07-2016,Analyst,22,43712,Operations,17,13,2,0,male
LES,ALCIVAR,01-07-2016,Analyst,25,42377,Marketing,24,6,5,3,male
DEIDRA,ARCHANGEL,01-07-2016,Senior Analyst,28,69316,Operations,24,6,3,0,male
GERI,ARDENEAUX,01-07-2016,Analyst,23,46418,Marketing,29,1,2,0,male
MANUAL,ALLFORD,01-07-2016,Senior Analyst,28,65566,Marketing,17,13,3,5,male
CELESTINE,ARGIRO,01-07-2016,Analyst,24,48976,Finance,25,5,2,1,female
JAVIER,ACEDO,01-07-2016,Analyst,23,43760,Marketing,24,6,4,0,male
CAREN,ARGO,01-07-2016,Analyst,22,41047,Operations,21,9,4,0,female
DEBBIE,ALUARADO,01-07-2016,Analyst,25,43225,Operations,30,0,2,2,female
MICHAEL,AAGAARD,01-07-2016,Analyst,22,42361,Marketing,25,5,2,0,male
MARLENE,AMAYA,01-07-2016,Analyst,22,43835,Management,26,4,4,0,male
HESTER,ARAGAO,01-07-2016,Analyst,25,47326,Operations,24,6,5,2,male
ULYSSES,AILTS,01-07-2016,Senior Analyst,25,61221,Marketing,19,11,3,0,female
INES,ARB,01-07-2016,Analyst,21,42943,Finance,17,13,4,0,female
JESSE,ABDULKARIM,01-07-2016,Analyst,23,48751,Operations,24,6,3,0,female
CLAY,AERTS,01-07-2016,Analyst,22,42136,Finance,23,7,4,0,male
MERCEDES,ANASTASI,01-07-2016,Analyst,21,42472,Web,27,3,5,0,male
BRANDON,ABBY,01-07-2016,Analyst,22,46677,IT,26,4,4,0,male
BILL,ABOSHIHATA,01-07-2016,Analyst,25,45977,Web,28,2,5,3,male
ALFREDO,ACHZIGER,01-07-2016,Analyst,25,41345,Web,18,12,5,3,female
NICOLE,ALSOBROOK,01-07-2016,Director,41,323196,Marketing,23,7,3,10,female
GOLDIE,ANERTON,01-07-2016,Analyst,22,42727,Marketing,19,11,2,0,female
ELIAS,ADSIT,01-07-2016,Senior Analyst,25,53218,Marketing,18,12,5,0,male
SUN,ARDIZZONE,01-07-2016,Analyst,21,48422,IT,21,9,3,0,female
BOOKER,AKRIGHT,01-07-2016,Associate,32,83066,IT,23,7,4,6,male
LEEANN,ARCHILA,01-07-2016,Analyst,21,41627,Operations,29,1,2,0,male
DEREK,ABOULISSAN,01-07-2016,Director,42,388112,Marketing,27,3,2,18,female
DAWN,ALTIER,01-07-2016,Analyst,23,44469,Web,25,5,3,0,female
SHELTON,AKUCHIE,01-07-2016,Analyst,24,41109,Marketing,23,7,3,2,female
LEOPOLDO,ALBORN,01-07-2016,Analyst,23,43924,Operations,27,3,4,1,male
DARREN,ACERO,01-07-2016,Senior Analyst,25,64232,Operations,23,7,4,2,male
ARMANDO,ACHENBACH,01-07-2016,Analyst,22,49644,Operations,19,11,2,0,male
DELPHINE,AREVALO,01-07-2016,Director,43,284733,Web,15,15,2,11,male
IDA,ALVIRA,01-07-2016,Analyst,22,48802,Operations,20,10,4,0,female
ALECIA,ARIANO,01-07-2016,Analyst,21,41748,IT,21,9,4,0,female
JUAN,ABBASSI,01-07-2016,Senior Analyst,27,61575,Finance,20,10,2,1,female
YOLANDA,ALWAN,01-07-2016,Analyst,24,46062,Marketing,25,5,3,1,male
EMMA,ALTSISI,01-07-2016,Analyst,25,40251,Finance,18,12,2,1,male
OCTAVIO,ALAMEIDA,01-07-2016,Analyst,21,42416,Management,16,14,2,0,female
LEILA,ANNUNZIATA,01-07-2016,Analyst,22,43951,Finance,18,12,5,0,female
CECIL,ABUD,01-07-2016,Analyst,25,47903,Finance,19,11,2,2,male
CHARLES,ARMSTER,01-07-2016,Analyst,22,45275,Operations,27,3,3,0,female
FELIX,ACHESON,01-07-2016,Senior Analyst,26,61046,Finance,28,2,5,1,male
JAQUELINE,AREHART,01-07-2016,Analyst,25,48204,Web,15,15,4,2,female
GALE,ANNARUMO,01-07-2016,Senior Analyst,27,51053,Operations,23,7,3,1,male
FRANCIS,ABERSON,01-07-2016,Analyst,22,42560,Operations,16,14,2,0,male
TAMMI,APADACA,01-07-2016,Analyst,25,40947,Marketing,20,10,2,3,female
LOUELLA,ARBRY,01-07-2016,Senior Analyst,28,68432,IT,30,0,2,0,female
JOYCE,ALQUIJAY,01-07-2016,Analyst,24,44561,Management,24,6,4,1,female
MARGUERITE,AMICK,01-07-2016,Senior Analyst,26,63882,Operations,27,3,2,1,female
KENTON,ALEXANDRA,01-07-2016,Analyst,23,45903,Finance,21,9,2,0,male
CODY,ACEUEDO,01-07-2016,Analyst,23,48470,Web,28,2,3,0,female
FRANKIE,ANETSBERGER,01-07-2016,Analyst,23,45704,Finance,24,6,4,0,male
MILLICENT,ARAMBOLES,01-07-2016,Senior Analyst,25,57064,Management,18,12,5,0,female
DEE,ALEVEDO,01-07-2016,Analyst,22,48546,IT,15,15,2,0,male
ZELMA,ANTONELLI,01-07-2016,Senior Analyst,28,50044,Operations,25,5,3,5,male
PEARL,AMARA,01-07-2016,Analyst,21,41604,Marketing,16,14,2,0,female
CARIDAD,ARMWOOD,01-07-2016,Analyst,23,45022,Finance,23,7,3,0,female
ELDON,AGOFF,01-07-2016,Manager,33,107432,Web,24,6,4,8,female
SHANDA,ARJONA,01-07-2016,Analyst,24,45499,IT,26,4,4,0,female
HEATH,AGNES,01-07-2016,Analyst,22,47846,Marketing,26,4,2,0,female
ROCIO,ARCURI,01-07-2016,Senior Analyst,28,67299,Operations,29,1,3,1,female
MARJORIE,ALTRECHE,01-07-2016,Analyst,24,48047,Web,21,9,2,2,female
CYRUS,ALANIS,01-07-2016,Senior Manager,36,186356,Finance,20,10,3,8,female
ISABELL,ARKINS,01-07-2016,Analyst,22,48539,Operations,26,4,5,0,male
ROBBIE,ANGUS,01-07-2016,Analyst,22,45146,Marketing,18,12,2,0,female
TIFFANY,ALTIZER,01-07-2016,Senior Analyst,25,67321,IT,26,4,3,0,male
JODIE,ANIELLO,01-07-2016,Analyst,24,43137,IT,27,3,2,2,male
MARCY,ANNICCHIARICO,01-07-2016,Analyst,24,46974,Web,30,0,4,0,female
WILHELMINA,AREND,01-07-2016,Analyst,25,48602,Marketing,30,0,2,1,male
NORA,AMBROZIAK,01-07-2016,Analyst,22,43036,Web,25,5,4,0,male
JAIME,ACHTERHOF,01-07-2016,Analyst,23,49318,Finance,17,13,3,0,male
CHRISTA,ANENE,01-07-2016,Analyst,23,48356,Web,19,11,2,0,male
BRADLEY,ABES,01-07-2016,Analyst,25,49894,Operations,22,8,3,1,female
LUCILE,ANNA,01-07-2016,Analyst,24,42344,Marketing,17,13,4,2,female
LYNDON,ALFREDS,01-07-2016,Analyst,24,43343,Web,27,3,4,0,female
DARA,ARIEL,01-07-2016,Analyst,22,47750,Operations,27,3,4,0,female
KENT,ACKMANN,01-07-2016,Analyst,22,42440,Marketing,19,11,3,0,male
ANTIONETTE,ARCHEY,01-07-2016,Analyst,25,45236,Web,16,14,2,3,female
OTIS,ACTON,01-07-2016,Analyst,24,41514,Operations,27,3,4,0,female
CHANCE,ALBERICO,01-07-2016,Analyst,23,45084,IT,24,6,4,1,female
CONNIE,ALTIERI,01-07-2016,Analyst,24,41676,Marketing,29,1,3,1,female
ANGELIA,ANHORN,01-07-2016,Analyst,23,46127,Marketing,28,2,5,0,male
SHIRLEY,ALDRIDGE,01-07-2016,Associate,29,99416,Management,20,10,5,4,male
TESSIE,ARGULEWICZ,01-07-2016,Analyst,25,47899,Operations,15,15,3,1,male
DARCY,ANTONUCCI,01-07-2016,Analyst,23,45927,Finance,15,15,3,0,male
CARMINE,ALARIE,01-07-2016,Analyst,23,48891,Management,22,8,2,1,male
SANFORD,AITA,01-07-2016,Analyst,22,41284,Finance,19,11,5,0,female
MICHEAL,ABLEMAN,01-07-2016,Director,43,313649,IT,21,9,2,17,female
ROLLAND,ALEXANDERS,01-07-2016,Analyst,22,49111,Marketing,22,8,2,0,male
KRIS,AHNELL,01-07-2016,Senior Analyst,25,51509,Marketing,23,7,3,0,female
CHET,ALGER,01-07-2016,Analyst,21,49393,IT,16,14,3,0,female
TYRELL,ALFREDO,01-07-2016,Analyst,21,46580,Web,27,3,4,0,female
ANGELICA,AMSBAUGH,01-07-2016,Analyst,25,44538,Finance,16,14,4,2,male
MARIE,ALPHONSO,01-07-2016,Analyst,21,46507,Finance,22,8,2,0,male
NOLA,ANSELMI,01-07-2016,Analyst,24,47308,Web,26,4,5,1,female
JED,ALEQUIN,01-07-2016,Analyst,22,45952,Management,25,5,5,0,female
BOBBIE,AIDT,01-07-2016,Senior Analyst,25,68505,Operations,15,15,3,1,male
EMILY,ALTHISER,01-07-2016,Senior Analyst,26,65316,Marketing,21,9,5,0,male
GENARO,ALAM,01-07-2016,Analyst,23,47401,Marketing,17,13,5,1,male
LUANN,APERGES,01-07-2016,Manager,35,129017,Operations,25,5,3,11,female
ELISA,ANDONIAN,01-07-2016,Analyst,23,46347,Finance,28,2,4,1,female
DAN,ABRAMOVITZ,01-07-2016,Analyst,25,47573,Web,25,5,4,2,female
WILFRED,ADOLPHSEN,01-07-2016,Associate,32,97708,IT,29,1,2,5,male
LEONEL,AKERSON,01-07-2016,Analyst,21,46002,Finance,21,9,5,0,female
CLAIRE,AMERMAN,01-07-2016,Analyst,25,47201,IT,27,3,5,1,male
ROGELIO,ADRIEN,01-07-2016,Analyst,21,46733,Web,15,15,2,0,female
SHARLENE,ARBUTHNOT,01-07-2016,Senior Manager,39,191793,IT,20,10,3,17,male
BOBBIE,AIDT,01-07-2016,Senior Analyst,25,68505,Operations,15,15,3,1,male
HOYT,ALKEN,01-07-2016,Analyst,22,41035,Management,19,11,4,0,male
ALVINA,ARISA,01-07-2016,Manager,34,126871,Management,16,14,4,7,male
JULIET,ARABIE,01-07-2016,Senior Analyst,27,51532,Marketing,25,5,5,0,female
ADELE,ANDRESEN,01-07-2016,Analyst,24,43339,Finance,28,2,5,1,male
STANFORD,ALEYANDREZ,01-07-2016,Analyst,22,44506,IT,30,0,4,0,male
KIETH,ALCOMBRIGHT,01-07-2016,Analyst,23,40045,Management,25,5,2,0,male
TOD,ALEGAR,01-07-2016,Analyst,24,48938,Finance,19,11,2,0,female
KIRBY,AKAHI,01-07-2016,Analyst,23,48185,IT,19,11,4,0,male
MAE,AMENTLER,01-07-2016,Analyst,25,47579,Marketing,25,5,3,2,female
DOMINIQUE,ANKER,01-07-2016,Director,41,375647,Finance,20,10,5,14,male
SHARON,ALOAN,01-07-2016,Analyst,24,47386,Management,23,7,2,0,male
DEVIN,ADERHOLT,01-07-2016,Analyst,24,43952,Finance,23,7,4,1,female
JULIETTE,APPLEMAN,01-07-2016,Analyst,24,48981,Finance,26,4,4,0,female
SALLY,ALVERAZ,01-07-2016,Analyst,25,40702,Marketing,30,0,4,1,male
NELLIE,AMAUTY,01-07-2016,Director,43,235565,Web,20,10,4,17,male
BENNIE,ARDRY,01-07-2016,Analyst,22,41641,Web,28,2,4,0,female
BRETT,ABSHER,01-07-2016,Analyst,21,44350,Finance,25,5,4,0,male
GUSSIE,ARCORACI,01-07-2016,Analyst,23,48887,Operations,26,4,4,0,male
DWIGHT,ACHEKIAN,01-07-2016,Analyst,24,47499,Web,24,6,2,0,female
MICHELLE,ALOE,01-07-2016,Analyst,25,42128,Finance,18,12,5,1,male
STEVIE,ALANO,01-07-2016,Analyst,24,48271,Finance,29,1,3,0,male
MISSY,ARMISTEAD,01-07-2016,Analyst,23,41029,Management,19,11,4,0,male
MIRNA,ARMENTROUT,01-07-2016,Analyst,25,43659,Web,15,15,5,3,male
ANGELO,ADAMCIK,01-07-2016,Manager,33,140867,IT,27,3,4,7,male
JUDI,ARCHDALE,01-07-2016,Analyst,24,49806,IT,22,8,5,1,male
JODI,AMISTADI,01-07-2016,Analyst,24,49110,IT,25,5,2,1,male
EDGARDO,ALDO,01-07-2016,Analyst,23,42081,Management,23,7,4,0,female
CHRISTINA,ALSON,01-07-2016,Analyst,21,41017,IT,27,3,5,0,male
JESSIE,AMALFITANO,01-07-2016,Analyst,24,48869,IT,26,4,5,0,female
NOAH,ADZHABAKYAN,01-07-2016,Senior Analyst,28,66965,Web,16,14,3,5,male
JAMAL,AGUELE,01-07-2016,Analyst,24,42338,Management,22,8,4,0,female
MARY,AIROLA,01-07-2016,Analyst,22,49380,Management,25,5,4,0,female
SUZETTE,APADOCA,01-07-2016,Manager,33,117354,Management,26,4,3,6,male
CASANDRA,ARAGONI,01-07-2016,Analyst,25,41679,Web,20,10,2,2,male
HARLAND,ALLSOP,01-07-2016,Analyst,22,44207,Finance,28,2,4,0,female
EVELYN,ALSBERRY,01-07-2016,Analyst,22,45059,Management,29,1,2,0,female
PAULA,ALTEW,01-07-2016,Associate,29,95056,Operations,15,15,3,0,male
DAVIS,AINGE,01-07-2016,Analyst,22,48777,Management,29,1,3,0,female
DOLLIE,ANZIDEO,01-07-2016,Senior Analyst,28,56728,IT,16,14,4,4,female
KERRIE,ARMER,01-07-2016,Senior Analyst,28,53113,Finance,20,10,3,1,female
LELIA,ARAGONES,01-07-2016,Analyst,21,45039,Management,19,11,4,0,male
BRIGITTE,ARBERTHA,01-07-2016,Analyst,21,41619,Management,21,9,2,0,female
CORNELIA,ANNUZZI,01-07-2016,Senior Analyst,26,62672,Management,28,2,3,1,male
GINO,ALDINGER,01-07-2016,Analyst,23,42925,Management,26,4,3,0,male
SHEILA,ALTOMONTE,01-07-2016,Analyst,25,44343,Marketing,28,2,5,1,female
KARA,AMPARAN,01-07-2016,Analyst,22,47967,Finance,23,7,4,0,male
CHUNG,ALIAGA,01-07-2016,Associate,30,92323,Marketing,30,0,5,4,male
DOMINIQUE,AKRE,01-07-2016,Analyst,25,42002,Marketing,25,5,5,2,male
MABEL,AMBRIZ,01-07-2016,Senior Manager,38,199577,Marketing,15,15,5,11,male
AMBER,ALTY,01-07-2016,Associate,30,96478,Marketing,29,1,4,0,male
SONNY,AKSOY,01-07-2016,Senior Analyst,25,51817,IT,21,9,3,3,female
NANNIE,ANTLE,01-07-2016,Analyst,24,45604,Web,20,10,4,2,male
WESLEY,ABRAHAMSEN,01-07-2016,Analyst,25,46844,Operations,19,11,5,2,female
FRIEDA,ANGUIANO,01-07-2016,Analyst,23,46425,Operations,21,9,2,0,female
LISA,ALMOS,01-07-2016,Analyst,21,41908,Operations,18,12,5,0,female
ANNA,ALOY,01-07-2016,Analyst,22,42848,Web,29,1,3,0,female
CARLTON,ADAMIAK,01-07-2016,Analyst,21,45895,Marketing,17,13,2,0,male
PAULINA,ARMBRISTER,01-07-2016,Analyst,22,41580,Finance,20,10,5,0,female
KELVIN,ADDARIO,01-07-2016,Senior Analyst,27,55417,IT,18,12,2,0,female
JARRETT,ALBAREZ,01-07-2016,Analyst,21,41803,Web,30,0,2,0,male
MAVIS,ANKROM,01-07-2016,Manager,35,113837,Marketing,20,10,4,8,female
NAOMI,AMEDEO,01-07-2016,Senior Analyst,28,69851,Finance,28,2,4,3,male
BO,ALIBOZEK,01-07-2016,Analyst,23,42429,Operations,24,6,2,1,female
PARIS,ALIOTTA,01-07-2016,Associate,30,90346,Marketing,21,9,3,2,male
DEMARCUS,ALFORD,01-07-2016,Analyst,22,44980,Web,19,11,4,0,male
LYMAN,ALDARONDO,01-07-2016,Manager,32,124711,Finance,17,13,3,6,female
ODELL,AIPORLANI,01-07-2016,Analyst,21,42803,Management,24,6,2,0,male
JUSTIN,ABBE,01-07-2016,Analyst,22,44015,IT,20,10,5,0,male
THEODORA,ARENT,01-07-2016,Senior Analyst,28,55693,Management,15,15,2,2,male
LURA,ARMENTA,01-07-2016,Senior Analyst,26,52083,Operations,19,11,4,1,female
LYLE,ADAMCZYK,01-07-2016,Analyst,24,46907,IT,16,14,2,0,male
BILLIE,AMEIGH,01-07-2016,Senior Analyst,26,63008,Marketing,28,2,2,0,male
AUSTIN,ACORD,01-07-2016,Senior Analyst,25,64112,Management,19,11,3,0,female
MAX,ACHEAMPONG,01-07-2016,Analyst,24,44888,Operations,29,1,2,2,male
CLARICE,ANGRY,01-07-2016,Analyst,25,41921,Operations,29,1,5,2,male
JULIANNE,ANWAR,01-07-2016,Analyst,22,41926,IT,18,12,3,0,male
BONITA,ANDREASSEN,01-07-2016,Director,45,324783,Finance,24,6,5,19,male
JANIS,ANASAGASTI,01-07-2016,Analyst,24,46499,Operations,22,8,3,1,female
JOSEFINA,ANDERSSON,01-07-2016,Analyst,21,42754,Marketing,16,14,3,0,male
ROMAN,AFFELT,01-07-2016,Analyst,22,46812,Operations,28,2,4,0,female
ADOLPH,AHRENDT,01-07-2016,Analyst,22,47001,IT,16,14,4,0,male
DIANA,ALTHAUS,01-07-2016,Analyst,24,40646,Operations,24,6,5,1,female
SONJA,ANDERE,01-07-2016,Associate,30,97879,Marketing,30,0,2,3,male
MONIQUE,AMISON,01-07-2016,Analyst,21,49013,Marketing,16,14,5,0,female
DELMA,AREDONDO,01-07-2016,Analyst,23,41120,Finance,21,9,3,0,female
AMY,ALOUF,01-07-2016,Manager,32,126181,IT,22,8,5,5,female
DESTINY,AREIAS,01-07-2016,Associate,31,76143,Operations,24,6,3,6,male
BUSTER,ALIZADEH,01-07-2016,Analyst,23,40998,Management,27,3,5,0,male
DANNIE,ALEMAN,01-07-2016,Senior Manager,36,198814,Operations,22,8,5,6,male
KRISTOPHER,ADKERSON,01-07-2016,Analyst,24,43417,Finance,27,3,2,0,male
BIANCA,ANO,01-07-2016,Senior Analyst,27,59111,IT,19,11,3,4,female
OWEN,ADIL,01-07-2016,Associate,28,72328,Finance,27,3,3,0,female
NATHANIEL,ABSHIRE,01-07-2016,Analyst,23,44225,Operations,17,13,3,1,male
MYLES,ALAYA,01-07-2016,Analyst,25,47561,Marketing,30,0,2,1,female
IRENE,ALSTOTT,01-07-2016,Analyst,25,44512,Marketing,25,5,2,2,male
ALEX,ABOLAFIA,01-07-2016,Analyst,25,43352,Finance,27,3,4,2,female
HIPOLITO,ALHUSSEINI,01-07-2016,Analyst,25,49619,Marketing,30,0,2,3,female
LILLIAN,ALTHEIMER,01-07-2016,Analyst,25,43991,Management,25,5,4,2,male
GLENNA,ANGLADE,01-07-2016,Analyst,23,44712,Marketing,18,12,5,0,male
ELBA,ARBOGAST,01-07-2016,Analyst,21,47401,Finance,27,3,2,0,female
NICOLAS,ADMAS,01-07-2016,Associate,29,85391,Web,19,11,2,1,male
VIRGINIA,ALPER,01-07-2016,Analyst,24,47638,Web,21,9,2,2,female
TERRY,AMBORN,01-07-2016,Analyst,22,41284,Operations,23,7,4,0,female
DONNELL,AIMONE,01-07-2016,Analyst,24,46251,Finance,28,2,5,2,female
ABE,ALBERTO,01-07-2016,Analyst,25,47183,IT,23,7,2,3,male
HELEN,ALMY,01-07-2016,Analyst,23,44214,Web,23,7,4,0,female
CRAIG,ABDULLA,01-07-2016,Analyst,22,41227,IT,24,6,2,0,male
PARKER,ALBURY,01-07-2016,Analyst,25,43474,Management,27,3,5,2,male
SHANNON,ALTOMARI,01-07-2016,Analyst,22,42178,Web,28,2,3,0,male
BROOKE,AMSLEY,01-07-2016,Analyst,23,40436,Operations,19,11,4,0,male
OLIVER,ACY,01-07-2016,Analyst,22,41354,Marketing,26,4,4,0,female
SILAS,AJELLO,01-07-2016,Analyst,22,40417,Operations,24,6,4,0,female
APRIL,ALUAREZ,01-07-2016,Analyst,22,44617,Management,28,2,2,0,male
RONALD,AARONSON,01-07-2016,Analyst,21,44163,Finance,18,12,4,0,female
YVONNE,ALVES,01-07-2016,Analyst,23,45123,Web,29,1,4,0,female
GERALD,ABBENANTE,01-07-2016,Analyst,22,41550,Management,19,11,5,0,female
MILAN,ALLEGRA,01-07-2016,Analyst,22,41989,IT,18,12,5,0,female
HOSEA,ALLMAND,01-07-2016,Analyst,24,46206,IT,19,11,2,1,female
DOUGLAS,ABATTI,01-07-2016,Analyst,23,42255,Web,26,4,4,1,female
ASHLEY,AGUMGA,01-07-2016,Analyst,24,42667,Management,19,11,2,1,male
NOEL,ADELMUND,01-07-2016,Analyst,25,41734,Finance,21,9,5,2,male
VIDA,ARGENBRIGHT,01-07-2016,Analyst,22,40975,IT,30,0,4,0,female
MADELYN,APPLEGARTH,01-07-2016,Analyst,22,47695,Operations,21,9,4,0,female
CLAIR,AKIN,01-07-2016,Analyst,21,42786,Marketing,20,10,5,0,female
REBA,ANDRICH,01-07-2016,Analyst,22,48681,Management,26,4,3,0,male
OLIN,ALDERINK,01-07-2016,Analyst,21,43185,IT,20,10,5,0,male
CAMILLE,ANDO,01-07-2016,Analyst,21,41577,Management,16,14,3,0,female
PALMER,ALLEMAND,01-07-2016,Analyst,24,41691,Web,30,0,2,0,female
SEBASTIAN,AILSTOCK,01-07-2016,Senior Analyst,27,51534,Operations,30,0,4,3,male
ADDIE,ANDREEN,01-07-2016,Analyst,24,49020,IT,19,11,4,0,female
TROY,ABILEZ,01-07-2016,Manager,33,120184,Management,20,10,5,7,male
DONG,ALISAUSKAS,01-07-2016,Manager,34,147560,Management,19,11,3,6,female
BLAKE,ADAMSEN,01-07-2016,Analyst,24,49602,Operations,21,9,5,0,male
BETTE,ANGELSON,01-07-2016,Analyst,24,42538,Marketing,25,5,5,0,male
SANDY,ALBERG,01-07-2016,Analyst,22,41027,Management,21,9,2,0,female
MICHAEL,ANTONOVICH,01-07-2016,Analyst,21,43716,Management,30,0,2,0,male
ETHEL,ALTON,01-07-2016,Senior Analyst,27,60085,Web,17,13,4,0,male
RON,ABUSUFAIT,01-07-2016,Analyst,21,48682,Web,25,5,2,0,female
TERRIE,ANSPACH,01-07-2016,Analyst,22,42710,IT,20,10,3,0,male
RODRICK,ALBRIGHT,01-07-2016,Senior Analyst,26,53390,Marketing,20,10,5,2,female
JOEL,ABIDE,01-07-2016,Associate,32,99130,Web,17,13,4,3,female
DOUG,ADALJA,01-07-2016,Analyst,23,45152,Web,15,15,4,0,male
JAY,ABNER,01-07-2016,Analyst,21,43357,Web,28,2,3,0,female
LYNETTE,ANASTASIADES,01-07-2016,Senior Analyst,26,57000,Marketing,27,3,5,0,male
DARIUS,AHL,01-07-2016,Analyst,21,44134,Marketing,30,0,2,0,male
IRVING,ADIB,01-07-2016,Analyst,23,44148,Finance,25,5,3,1,female
ROB,AHHEE,01-07-2016,Senior Analyst,25,56181,Management,15,15,2,0,male
CANDACE,AMMIRATA,01-07-2016,Analyst,23,48287,Finance,19,11,2,1,female
DWAYNE,ACHEE,01-07-2016,Senior Analyst,25,69421,Finance,25,5,4,3,male
ARLIE,ALLWARDT,01-07-2016,Analyst,23,44342,Operations,26,4,5,0,male
OPAL,AMMON,01-07-2016,Senior Analyst,28,61710,Management,15,15,4,2,female
JUAN,ABBASSI,01-07-2016,Senior Analyst,27,61575,Finance,20,10,2,1,female
COLUMBUS,ALGEO,01-07-2016,Analyst,22,46038,IT,16,14,3,0,male
NICHOLAS,ABBOTT,01-07-2016,Associate,31,78493,IT,21,9,2,4,female
MONIKA,ARCHBELL,01-07-2016,Analyst,25,43292,Operations,26,4,4,3,male
HANS,AGUADA,01-07-2016,Analyst,25,42657,Operations,27,3,3,2,male
TAYLOR,ADLEMAN,01-07-2016,Analyst,25,42400,Operations,29,1,3,1,female
AURELIA,APPLETON,01-07-2016,Analyst,24,41713,Marketing,16,14,3,0,female
GREGORIO,AGUNDEZ,01-07-2016,Analyst,21,46664,Finance,21,9,3,0,female
TANIA,ANTON,01-07-2016,Senior Analyst,26,66339,Management,24,6,5,1,male
FREDDIE,ARESCO,01-07-2016,Analyst,22,45450,IT,27,3,2,0,male
HORTENCIA,ARENSTAM,01-07-2016,Analyst,25,43355,Web,22,8,3,2,male
BRITTANY,ALVIZO,01-07-2016,Analyst,23,42140,Operations,29,1,4,0,female
AVERY,AHONEN,01-07-2016,Senior Analyst,28,52406,Operations,19,11,2,5,female
MATHEW,ACERET,01-07-2016,Analyst,24,42440,IT,20,10,4,2,male
RICH,ALBANG,01-07-2016,Senior Analyst,25,64913,Finance,29,1,4,0,female
LUPE,ANGELOS,01-07-2016,Analyst,21,41551,Operations,21,9,2,0,female
AGUSTIN,AGUDO,01-07-2016,Senior Analyst,26,54689,Management,23,7,5,0,male
MYRA,AMR,01-07-2016,Analyst,22,48747,Operations,21,9,4,0,female
GEORGINA,ANSARI,01-07-2016,Senior Analyst,25,59907,IT,17,13,5,0,male
KIM,ADERSON,01-07-2016,Analyst,25,45319,Management,16,14,2,2,female
HAI,ALMEN,01-07-2016,Senior Analyst,28,60707,Finance,26,4,3,2,male
TRACY,ALTIG,01-07-2016,Analyst,24,43124,IT,19,11,4,1,male
JODIE,ANIELLO,01-07-2016,Analyst,24,43137,IT,27,3,2,2,male
ALEXIS,AHRENDS,01-07-2016,Analyst,22,42121,Finance,30,0,5,0,male
WENDY,ALTMILLER,01-07-2016,Analyst,24,45950,Marketing,15,15,3,2,male
SELINA,ARDELEAN,01-07-2016,Senior Analyst,25,55525,Operations,18,12,2,0,male
ROBBY,ALAIBILLA,01-07-2016,Manager,34,112580,Management,30,0,5,8,female
ERNESTINA,AREAS,01-07-2016,Analyst,23,42160,Finance,20,10,3,0,female
ALICE,ALRAIS,01-07-2016,Analyst,22,40335,Finance,27,3,3,0,female
ALLYSON,ANTOLINI,01-07-2016,Analyst,21,40363,IT,27,3,5,0,female
VERNELL,ARMELIN,01-07-2016,Analyst,24,49029,Marketing,23,7,2,0,male
ELAINE,ALTOP,01-07-2016,Analyst,24,48775,Operations,22,8,5,1,female
MARLON,AGBISIT,01-07-2016,Analyst,21,40396,Marketing,28,2,2,0,male
KELLY,ALSMAN,01-07-2016,Analyst,25,45998,Finance,18,12,5,3,female
GAIL,ALBRASHI,01-07-2016,Senior Analyst,25,68996,Operations,16,14,2,0,male
RENE,ACLY,01-07-2016,Analyst,24,48222,Management,20,10,2,1,male
MERVIN,ALBANESE,01-07-2016,Analyst,24,47982,Finance,19,11,5,0,male
HILARIO,ALEJANDREZ,01-07-2016,Analyst,25,44888,Operations,25,5,4,3,male
VIOLA,AMBER,01-07-2016,Analyst,25,42457,Marketing,28,2,5,2,female
CYRIL,ALANIZ,01-07-2016,Senior Analyst,26,58619,Finance,17,13,2,1,male
SUSANNE,ANGELOZZI,01-07-2016,Analyst,24,45482,Management,26,4,4,0,female
DARRYL,ACCOSTA,01-07-2016,Analyst,21,47827,IT,22,8,5,0,female
STACIE,ANDREN,01-07-2016,Senior Manager,35,169300,Management,22,8,3,10,male
ANN,ALQUICIRA,01-07-2016,Analyst,21,48833,Web,28,2,2,0,female
SHANNON,ACUFF,01-07-2016,Associate,29,96909,IT,21,9,4,1,male
JOHNATHAN,ADCOCK,01-07-2016,Senior Analyst,28,65639,Management,21,9,2,4,female
ALEX,ABOLAFIA,01-07-2016,Analyst,25,43352,Finance,27,3,4,2,male
LORENZO,ADAMOS,01-07-2016,Senior Analyst,28,63841,Web,21,9,5,0,female
SHARRON,ANTHES,01-07-2016,Analyst,24,46988,Operations,18,12,5,2,female
FORREST,ADEY,01-07-2016,Analyst,23,48739,Management,15,15,3,0,male
HOLLIE,ARANGO,01-07-2016,Analyst,21,46438,Marketing,24,6,2,0,male
MARISA,ANGOLD,01-07-2016,Analyst,22,49253,Web,17,13,2,0,male
WARREN,ABOUSALEH,01-07-2016,Analyst,22,43508,Management,20,10,4,0,male
WILEY,AHUMADA,01-07-2016,Analyst,23,43586,Operations,20,10,2,0,male
BOYCE,ALLRIDGE,01-07-2016,Analyst,24,46064,Management,25,5,2,1,male
JUDE,ALLEMOND,01-07-2016,Analyst,24,43031,IT,24,6,3,1,male
ASHLEIGH,ARDD,01-07-2016,Analyst,24,40513,IT,29,1,5,1,female
DINO,ALCINE,01-07-2016,Analyst,21,47018,Operations,15,15,3,0,female
CHRISTIAN,APPLING,01-07-2016,Senior Analyst,28,50368,Operations,24,6,4,3,male
LYN,ARISTA,01-07-2016,Associate,32,99098,Marketing,28,2,3,8,female
EUNICE,AMINOV,01-07-2016,Analyst,25,47735,Finance,29,1,3,2,female
WILFREDO,AGUILLARD,01-07-2016,Analyst,23,42722,Operations,22,8,2,0,male
RAMON,ABRIOLA,01-07-2016,Associate,31,73190,Web,24,6,2,3,female
FRAN,APOLLO,01-07-2016,Analyst,23,40134,Finance,26,4,4,0,male
GERARDO,ADDY,01-07-2016,Associate,28,93854,Web,19,11,3,1,male
LACY,ALIRES,01-07-2016,Senior Analyst,25,67014,IT,20,10,4,0,female
DENVER,AKERMAN,01-07-2016,Analyst,24,46726,IT,22,8,2,1,female
RANDI,ANON,01-07-2016,Analyst,21,49497,Finance,25,5,5,0,female
JEANNETTE,AMORELLO,01-07-2016,Analyst,25,40270,IT,17,13,5,3,female
SHARI,ANDIS,01-07-2016,Senior Analyst,28,60155,Marketing,27,3,5,4,female
MADGE,APLEY,01-07-2016,Analyst,24,44054,Finance,30,0,4,1,male
KARRIE,ARHART,01-07-2016,Analyst,22,49006,Web,19,11,2,0,female
KURTIS,AKE,01-07-2016,Analyst,22,41008,Operations,29,1,4,0,female
VINCE,AILLS,01-07-2016,Analyst,24,44497,Marketing,17,13,4,1,female
GWENDOLYN,AMBROSONE,01-07-2016,Analyst,21,45528,IT,30,0,5,0,male
HARRY,ABDALLAH,01-07-2016,Analyst,24,41196,Marketing,17,13,4,1,male
JAYME,ARMEL,01-07-2016,Senior Analyst,25,60159,Finance,27,3,2,0,male
EMILY,ALTHISER,01-07-2016,Senior Analyst,26,65316,Marketing,21,9,5,0,male
REBECCA,ALPAUGH,01-07-2016,Analyst,22,49744,Web,28,2,2,0,male
DANIAL,AKHAVAN,01-07-2016,Analyst,21,41865,Finance,18,12,4,0,male
LANNY,ALBERTSON,01-07-2016,Analyst,22,45784,Operations,30,0,4,0,male
CLEO,AKAWANZIE,01-07-2016,Manager,35,111599,Management,25,5,5,10,male
MCKINLEY,ALICER,01-07-2016,Associate,31,77261,Finance,30,0,4,6,female
CASSANDRA,AMBURGY,01-07-2016,Analyst,25,41323,Finance,22,8,5,2,female
ISMAEL,ADNER,01-07-2016,Analyst,25,44664,Operations,23,7,4,1,male
AMIE,ANTONIAK,01-07-2016,Senior Analyst,28,65927,Finance,28,2,2,1,female
GIUSEPPE,ALFONZO,01-07-2016,Analyst,22,42723,Marketing,30,0,4,0,female
ALMA,ALWIN,01-07-2016,Director,40,313938,Management,22,8,4,12,male
CLAUDE,ACCOMANDO,01-07-2016,Analyst,21,46616,Management,21,9,3,0,female
LENA,AMBROSIA,01-07-2016,Analyst,25,47517,IT,15,15,5,2,male
ELISHA,ALMARAZ,01-07-2016,Senior Analyst,25,66311,Management,15,15,3,2,female
EFRAIN,AGNELLI,01-07-2016,Analyst,21,43620,IT,28,2,4,0,female
BOBBY,ARCHIBEQUE,01-07-2016,Associate,32,72359,Web,21,9,4,9,female
AISHA,AQUAS,01-07-2016,Analyst,22,43324,Operations,19,11,5,0,male
MERLIN,AKAMIRO,01-07-2016,Senior Analyst,25,66984,Marketing,21,9,5,0,male
JEFF,ABER,01-07-2016,Senior Analyst,27,63154,Finance,16,14,5,3,male
NINA,AMBURGEY,01-07-2016,Analyst,25,45992,Finance,30,0,4,2,female
CLEMENT,AIONA,01-07-2016,Analyst,22,44887,IT,27,3,2,0,male
DONN,ALDREGE,01-07-2016,Senior Analyst,26,57046,Web,27,3,2,0,female
JAYSON,AINSLIE,01-07-2016,Analyst,21,40065,Web,23,7,4,0,female
NOELLE,ARBOGUST,01-07-2016,Analyst,23,43676,Marketing,18,12,2,0,male
TERESA,ALROD,01-07-2016,Analyst,21,43428,Marketing,15,15,3,0,male
ARCHIE,ADDESSO,01-07-2016,Analyst,22,43976,Marketing,19,11,2,0,male
BRENTON,ALDERETE,01-07-2016,Senior Analyst,25,66820,Finance,20,10,3,1,male
NORRIS,AHRENHOLTZ,01-07-2016,Senior Analyst,27,64798,Web,21,9,3,2,female
FANNIE,AMMIRATI,01-07-2016,Analyst,22,40403,Marketing,19,11,5,0,male
DAISY,AMER,01-07-2016,Associate,31,99603,Marketing,18,12,2,5,male
CATHY,ALVEAR,01-07-2016,Associate,28,96198,Web,25,5,2,2,male
RAPHAEL,AHLFIELD,01-07-2016,Senior Analyst,27,51930,IT,26,4,5,4,female
LAVERN,ALBY,01-07-2016,Analyst,25,48996,IT,18,12,5,2,female
DEMETRIA,ARECHIGA,01-07-2016,Analyst,25,46808,Web,19,11,3,3,male
ELVIRA,ANDAVERDE,01-07-2016,Senior Manager,36,167610,Finance,25,5,3,12,male
SHERRIE,ANDREE,01-07-2016,Analyst,25,44454,Operations,27,3,2,3,male
REID,ALAWDI,01-07-2016,Associate,28,86231,Finance,18,12,2,6,male
ALISON,AMMONDS,01-07-2016,Analyst,24,45252,IT,16,14,5,2,male
OMER,ALHAMBRA,01-07-2016,Analyst,25,44011,Finance,24,6,4,3,male
NORMA,ALTES,01-07-2016,Analyst,22,47519,Management,19,11,5,0,male
DOMENIC,ALISON,01-07-2016,Analyst,25,46947,IT,18,12,4,3,male
BRICE,ALESSANDRO,01-07-2016,Analyst,25,46556,Web,19,11,4,3,female
JULIE,ALRED,01-07-2016,Analyst,21,43363,Marketing,21,9,2,0,male
BERNADETTE,AMSTEIN,01-07-2016,Analyst,25,43391,Management,26,4,5,1,female
LUELLA,ANKENMAN,01-07-2016,Analyst,22,41164,Management,22,8,4,0,female
HELGA,ARANAS,01-07-2016,Analyst,24,48476,Operations,15,15,4,1,female
FATIMA,ARELLANO,01-07-2016,Senior Manager,35,167525,Marketing,29,1,4,10,female
DANIELLE,ALVALLE,01-07-2016,Senior Analyst,27,65594,IT,22,8,4,0,male
PAULETTE,ANACKER,01-07-2016,Analyst,23,45579,Marketing,30,0,4,0,female
JEROMY,ALLUM,01-07-2016,Senior Analyst,26,65880,Management,25,5,5,0,female
RUSSEL,AGRO,01-07-2016,Analyst,21,48948,Marketing,29,1,4,0,female
SONIA,AMELIO,01-07-2016,Analyst,23,45525,Management,17,13,5,0,male
DALE,ANNESS,01-07-2016,Analyst,22,41819,Web,30,0,5,0,male
TOMMIE,AFFLICK,01-07-2016,Analyst,24,49752,Finance,22,8,4,1,male
ROY,ABBOUD,01-07-2016,Analyst,22,48611,Marketing,19,11,5,0,female
COLBY,AITCHESON,01-07-2016,Analyst,24,43295,Operations,22,8,3,2,male
MARISELA,ARGUBRIGHT,01-07-2016,Analyst,22,40395,Finance,23,7,2,0,male
EARNEST,ADELL,01-07-2016,Senior Analyst,25,62960,Operations,16,14,2,0,male
TOBY,AFONSO,01-07-2016,Analyst,23,41912,Web,19,11,2,0,male
TRACEY,ALBELO,01-07-2016,Analyst,22,45013,IT,24,6,3,0,female
JEANNIE,ANDERST,01-07-2016,Senior Analyst,25,56854,Finance,27,3,2,0,female
TRACIE,ANDROS,01-07-2016,Analyst,23,47681,Operations,17,13,2,0,female
CHARLES,AALDERINK,01-07-2016,Analyst,25,43638,Web,17,13,2,3,male
MARSHALL,ACKISON,01-07-2016,Analyst,24,45776,Management,17,13,4,1,female
RICO,ALDAZ,01-07-2016,Analyst,21,47216,Marketing,19,11,3,0,female
ALEXANDER,ABITONG,01-07-2016,Analyst,23,46824,Finance,16,14,5,0,female
SHAWNA,ANDON,01-07-2016,Manager,32,143778,Management,16,14,4,6,female
THEODORA,ARENT,01-07-2016,Senior Analyst,28,55693,Management,15,15,2,2,male
HARLEY,AGNEY,01-07-2016,Senior Analyst,27,60465,Web,19,11,4,0,male
ALISHA,ANDRAS,01-07-2016,Analyst,21,40816,Management,28,2,3,0,male
BERNARD,ABKE,01-07-2016,Analyst,23,44427,Web,19,11,5,1,female
ANTIONE,ALLING,01-07-2016,Analyst,23,48930,Finance,21,9,3,0,female
OSVALDO,ALCINI,01-07-2016,Manager,34,148273,Finance,28,2,4,7,female
HARLAN,AGUIRE,01-07-2016,Analyst,23,48583,Web,18,12,3,1,male
TYRONE,ACERNO,01-07-2016,Analyst,23,40413,IT,20,10,5,1,female
DARYL,ACKERSON,01-07-2016,Analyst,24,46891,Marketing,24,6,5,2,male
JESSE,ARDALY,01-07-2016,Senior Analyst,28,56166,IT,20,10,3,4,female
DORRIS,ARLINGTON,01-07-2016,Analyst,21,43986,IT,18,12,3,0,female
HUGH,ACHE,01-07-2016,Analyst,24,43621,Operations,16,14,2,2,male
DARREL,ADRID,01-07-2016,Analyst,21,40228,Management,28,2,2,0,male
EUGENIA,ANELLO,01-07-2016,Analyst,21,49384,Management,17,13,3,0,male
TREY,ALCORN,01-07-2016,Analyst,24,48969,Marketing,26,4,3,1,female
ANDERSON,ALBA,01-07-2016,Senior Analyst,27,58341,Finance,15,15,2,4,male
SUSANNA,APOSTAL,01-07-2016,Analyst,22,44448,Web,19,11,4,0,female
KAITLIN,ARATA,01-07-2016,Senior Analyst,26,51655,Finance,28,2,5,4,female
ISSAC,AIRINGTON,01-07-2016,Analyst,25,42776,Marketing,15,15,4,2,male
LAURIE,ALWARD,01-07-2016,Analyst,23,47326,Management,22,8,5,0,male
CORTNEY,ARCHACKI,01-07-2016,Analyst,21,48098,Finance,30,0,5,0,female
LEMUEL,ALBUS,01-07-2016,Analyst,21,49903,Management,26,4,4,0,female
FRANKIE,ANETSBERGER,01-07-2016,Analyst,23,45704,Finance,24,6,4,0,female
LUTHER,ACRE,01-07-2016,Analyst,23,41984,Management,29,1,4,0,male
CORDELL,ALLENBACH,01-07-2016,Analyst,25,48447,Web,20,10,5,2,female
HELENA,ANGELLO,01-07-2016,Senior Analyst,26,50809,Operations,21,9,4,1,male
TOMMIE,ANTONA,01-07-2016,Analyst,21,45181,Finance,23,7,5,0,female
PAULETTE,ANACKER,01-07-2016,Analyst,23,45579,Marketing,30,0,4,0,female
THADDEUS,AHLEMEYER,01-07-2016,Analyst,22,44543,IT,22,8,2,0,female
SHELLEY,AMODEO,01-07-2016,Analyst,24,41380,Management,23,7,5,1,female
MOISES,AHLBERG,01-07-2016,Senior Analyst,27,53406,Web,27,3,3,3,female
DOMINICK,AFSHARI,01-07-2016,Analyst,23,41662,IT,20,10,5,0,female
FLORENTINO,ALLABAND,01-07-2016,Analyst,24,41955,Management,24,6,3,0,male
JOHNIE,ALBARES,01-07-2016,Analyst,23,45323,Web,29,1,3,0,female
GREGG,ADER,01-07-2016,Associate,28,90201,IT,16,14,5,4,male
BORIS,ALBIN,01-07-2016,Analyst,21,40222,Web,21,9,3,0,female
LEIGH,ALLERTON,01-07-2016,Analyst,23,43247,Finance,22,8,3,0,male
FRANCISCA,ANDROLEWICZ,01-07-2016,Senior Analyst,25,62673,Operations,29,1,3,2,male
RUSS,ALAVI,01-07-2016,Senior Analyst,28,69306,Web,18,12,3,2,male
SANTA,ARMENGOL,01-07-2016,Analyst,23,48462,Finance,26,4,3,1,female
MICHELE,ALVARADO,01-07-2016,Senior Analyst,27,54643,Marketing,23,7,4,4,male
OLLIE,ANDRADES,01-07-2016,Senior Analyst,28,57182,Management,28,2,4,3,female
ALEXANDRIA,ANTENUCCI,01-07-2016,Analyst,21,49395,Management,19,11,2,0,male
LUCY,AMADI,01-07-2016,Senior Analyst,28,60348,Management,26,4,3,2,female
ALLEN,ABELN,01-07-2016,Associate,32,72626,Marketing,28,2,2,4,female
LETITIA,ARBOLEDA,01-07-2016,Analyst,25,43751,IT,23,7,3,2,female
LEONA,AMELA,01-07-2016,Senior Analyst,28,65607,Management,16,14,2,1,female
VERN,AID,01-07-2016,Analyst,23,40183,IT,19,11,3,0,male
RITA,ALTIDOR,01-07-2016,Analyst,25,47609,IT,18,12,4,2,male
JAKE,ADKISSON,01-07-2016,Analyst,21,45896,IT,27,3,4,0,female
BOBBI,ANLIKER,01-07-2016,Analyst,24,40486,Finance,22,8,5,1,male
DEMETRIA,ARECHIGA,01-07-2016,Analyst,25,46808,Web,19,11,3,3,female
GAYLE,ALLES,01-07-2016,Associate,28,96535,Management,26,4,3,0,female
DEXTER,AESCHBACHER,01-07-2016,Analyst,22,44762,Web,19,11,2,0,female
CORRINE,ANTENOR,01-07-2016,Analyst,21,48839,Finance,17,13,3,0,male
CLEO,ANGELO,01-07-2016,Analyst,22,43397,Web,23,7,5,0,female
SUNG,ALEXAKIS,01-07-2016,Analyst,23,49611,Management,28,2,2,0,female
BETTINA,ARMOUT,01-07-2016,Senior Analyst,26,67051,Web,22,8,5,3,male
ROSEMARY,AMACHER,01-07-2016,Associate,31,93516,Operations,26,4,2,7,female
JIMMIE,ANIOL,01-07-2016,Analyst,21,44181,Web,25,5,2,0,female
ANDREA,ALTAMIRANO,01-07-2016,Manager,33,100471,Web,25,5,4,7,female
DESSIE,ARCHIOPOLI,01-07-2016,Senior Analyst,27,69383,Management,16,14,4,0,female
SERENA,ANTINORE,01-07-2016,Analyst,22,43132,IT,16,14,3,0,female
DIANNE,AMEJORADO,01-07-2016,Analyst,25,40403,Marketing,16,14,3,2,female
GRADY,AEGERTER,01-07-2016,Analyst,21,43239,Finance,22,8,4,0,male
WALDO,ALEXANIAN,01-07-2016,Analyst,22,42943,Web,21,9,3,0,male
LANA,ANDERHOLM,01-07-2016,Analyst,23,41664,Operations,30,0,2,0,female
THAD,ALBERS,01-07-2016,Senior Analyst,26,63290,Marketing,23,7,2,0,female
BYRON,ACKER,01-07-2016,Analyst,24,47598,Marketing,20,10,2,1,female
DEBORA,ANGELA,01-07-2016,Analyst,24,45447,IT,16,14,2,0,female
SCOT,AILIFF,01-07-2016,Analyst,23,42213,Web,21,9,4,0,female
MAYNARD,AILEY,01-07-2016,Analyst,21,44397,IT,25,5,5,0,female
MINA,ARCIBA,01-07-2016,Analyst,21,48801,Finance,23,7,3,0,female
RANDELL,ALBARADO,01-07-2016,Analyst,25,47532,Marketing,24,6,2,1,male
PERRY,ACKLAND,01-07-2016,Senior Manager,37,184143,IT,19,11,4,12,female
CHANG,ALEFF,01-07-2016,Manager,35,124154,IT,20,10,4,8,female
HORACE,ADAMSKY,01-07-2016,Analyst,25,40786,IT,25,5,5,2,male
JESSIE,ACEBEDO,01-07-2016,Analyst,23,47080,Operations,21,9,5,0,male
MADONNA,ARIZA,01-07-2016,Analyst,25,46572,Web,16,14,3,1,female
ERLINDA,ARKELL,01-07-2016,Analyst,24,42066,Management,29,1,5,1,male
RUTHIE,ANSLOAN,01-07-2016,Associate,32,72598,Web,17,13,5,6,male
COLETTE,APILADO,01-07-2016,Analyst,22,46506,Web,25,5,2,0,female
HERMINIA,ARCANO,01-07-2016,Analyst,24,44733,Management,26,4,4,1,male
RODRICK,ALBRIGHT,01-07-2016,Senior Analyst,26,53390,Marketing,20,10,5,2,male
NATHAN,ABELE,01-07-2016,Analyst,22,46227,IT,15,15,3,0,male
JENIFER,ANESI,01-07-2016,Analyst,23,46207,IT,17,13,4,0,female
ELLIS,ADLER,01-07-2016,Senior Analyst,28,62243,Web,23,7,4,0,male
CHESTER,ABUBAKR,01-07-2016,Analyst,23,48479,Operations,15,15,4,0,male
ELVIN,AHARON,01-07-2016,Analyst,23,48364,Finance,26,4,3,0,female
ELDA,ARCINO,01-07-2016,Analyst,25,46564,Operations,25,5,4,3,male
HERIBERTO,AIMBEZ,01-07-2016,Analyst,21,48001,Operations,18,12,4,0,male
WAYNE,ABDELAL,01-07-2016,Senior Analyst,25,55001,Operations,22,8,2,0,male
MAUDE,ANESHANSLEY,01-07-2016,Analyst,24,49901,Management,18,12,5,2,female
REY,ALLOCCO,01-07-2016,Senior Analyst,25,65919,Marketing,19,11,5,2,female
MARTIN,ABDOU,01-07-2016,Senior Analyst,25,61353,IT,22,8,2,0,male
KEISHA,ANGIS,01-07-2016,Analyst,25,49321,Marketing,18,12,2,3,male
JEFFERY,ABEND,01-07-2016,Associate,31,93715,Web,25,5,4,6,male
ROMEO,AINSLEY,01-07-2016,Analyst,23,41052,IT,15,15,5,1,male
JOSUE,AKRAM,01-07-2016,Analyst,24,46907,IT,29,1,3,0,male
ADA,AMEZAGA,01-07-2016,Analyst,22,45518,Web,25,5,3,0,female
FREDA,ANASTAS,01-07-2016,Analyst,23,43894,Web,25,5,5,0,male
MOSES,AFANADOR,01-07-2016,Analyst,25,48355,IT,19,11,3,1,male
DYLAN,AGRELA,01-07-2016,Analyst,22,47759,Management,15,15,3,0,male
MYRNA,ANDREADIS,01-07-2016,Analyst,25,40105,Marketing,27,3,3,1,female
ELEANOR,ALVA,01-07-2016,Senior Analyst,26,60014,Operations,24,6,5,1,male
PATRICIA,ALLYN,01-07-2016,Analyst,21,44848,Finance,21,9,2,0,female
ROSARIO,ALEJOS,01-07-2016,Analyst,22,45103,Finance,19,11,4,0,female
MAYRA,ANGLES,01-07-2016,Associate,32,81191,Finance,15,15,5,4,female
SUZANNE,ALVARA,01-07-2016,Analyst,22,45025,Marketing,15,15,5,0,female
ARNULFO,ALBERO,01-07-2016,Analyst,21,41943,Finance,16,14,3,0,female
BEULAH,AMONETTE,01-07-2016,Senior Analyst,27,50393,Management,28,2,2,0,female
LORAINE,ANTMAN,01-07-2016,Analyst,22,42003,Web,25,5,4,0,female
CHAD,ABERCOMBIE,01-07-2016,Analyst,22,42041,IT,24,6,2,0,female
BEVERLEY,ARCADIPANE,01-07-2016,Analyst,25,44015,IT,24,6,3,1,male
CLIFFORD,ABLES,01-07-2016,Manager,32,140916,Marketing,29,1,2,4,female
DEVON,AGUERO,01-07-2016,Analyst,22,46173,Web,22,8,5,0,female
SCOTT,ABAJA,01-07-2016,Analyst,23,41701,Web,22,8,5,1,male
MIKEL,ALFARO,01-07-2016,Analyst,24,47465,Marketing,20,10,4,0,female
DORRIS,ARLINGTON,01-07-2016,Analyst,21,43986,IT,18,12,3,0,female
SHEENA,ANGSTADT,01-07-2016,Analyst,24,49670,Management,22,8,3,1,male
ELSIE,ALY,01-07-2016,Senior Manager,35,153111,Operations,19,11,4,6,female
DARWIN,AGULIAR,01-07-2016,Analyst,23,47408,Finance,16,14,3,1,male
SYDNEY,ALBERT,01-07-2016,Analyst,23,47629,Management,17,13,2,1,male
SOPHIA,ANAYA,01-07-2016,Senior Analyst,28,68884,Operations,26,4,5,5,female
LYNDA,AMIRAULT,01-07-2016,Analyst,24,49849,Web,30,0,4,1,male
JOEY,ACQUAVIVA,01-07-2016,Senior Analyst,25,68785,IT,16,14,4,1,female
BRIDGETT,ARAGUNDI,01-07-2016,Analyst,21,48102,Finance,27,3,4,0,male
TYREE,ALEXOPOULOS,01-07-2016,Analyst,23,44610,Operations,29,1,5,0,female
MARTINA,ANKNEY,01-07-2016,Analyst,25,46659,Finance,21,9,5,1,male
CRISTOBAL,ALLBRIGHT,01-07-2016,Analyst,21,47781,IT,17,13,3,0,female
SUE,ALWINE,01-07-2016,Analyst,25,49942,Operations,23,7,3,2,female
ROSALIND,ANGOLO,01-07-2016,Manager,35,148606,Web,18,12,2,8,male
NOREEN,ANTONELLO,01-07-2016,Manager,33,110885,Web,21,9,2,5,female
KELLY,ACEVEDA,01-07-2016,Analyst,22,45019,Web,28,2,2,0,male
BRITT,ALLENSWORTH,01-07-2016,Analyst,22,41378,Marketing,22,8,3,0,male
JEANETTE,ALWANG,01-07-2016,Analyst,21,42327,Management,25,5,2,0,female
SAUL,AFFELD,01-07-2016,Senior Analyst,28,68446,Management,23,7,5,3,female
LONNY,ALLEBACH,01-07-2016,Analyst,23,47764,IT,26,4,4,0,male
COLLIN,AKERLEY,01-07-2016,Analyst,21,49905,Finance,22,8,5,0,male
NUMBERS,AKIMSEU,01-07-2016,Director,45,253284,IT,15,15,2,23,male
TAMMIE,ANDREASEN,01-07-2016,Analyst,22,49703,Operations,29,1,3,0,female
CATHLEEN,ANHALT,01-07-2016,Analyst,23,48049,Operations,22,8,5,1,male
FELICIA,AMELING,01-07-2016,Analyst,25,43428,Management,19,11,5,2,male
ALEJANDRO,ACOSTO,01-07-2016,Senior Manager,35,185221,Operations,24,6,5,11,male
GENEVA,AMERT,01-07-2016,Analyst,23,48969,Operations,29,1,4,1,female
VITO,AKER,01-07-2016,Analyst,23,45740,Web,30,0,5,1,male
JULIANA,APELIAN,01-07-2016,Analyst,23,46601,Web,21,9,5,0,male
MITCHELL,ACAL,01-07-2016,Analyst,23,45949,Finance,25,5,4,1,male
VALENTIN,ALBERGOTTI,01-07-2016,Analyst,22,41861,Finance,22,8,3,0,male
SCOT,AILIFF,01-07-2016,Analyst,23,42213,Web,21,9,4,0,male
ADAN,AKIMA,01-07-2016,Senior Analyst,28,56772,Marketing,26,4,2,0,female
MADELINE,AMIRI,01-07-2016,Analyst,25,46052,Web,25,5,4,3,female
ROSANNA,AQUIRRE,01-07-2016,Analyst,22,43483,Management,22,8,4,0,female
WALKER,ALEXNDER,01-07-2016,Analyst,25,43860,Web,16,14,2,2,male
MARQUITA,ARANEO,01-07-2016,Senior Analyst,28,61374,Web,24,6,3,3,male
LUCINDA,ANDREU,01-07-2016,Analyst,24,48095,Operations,19,11,5,0,female
BLAINE,AGUALLO,01-07-2016,Analyst,23,49592,Management,23,7,5,0,female
BENNETT,ALAMEDA,01-07-2016,Analyst,24,46942,Marketing,18,12,2,1,female
DELIA,ANDEBE,01-07-2016,Analyst,24,42333,Web,25,5,3,2,male
JACLYN,ANGLEY,01-07-2016,Director,45,319141,Web,21,9,4,17,female
LAUREL,ANDRUSZKIEWIC,01-07-2016,Associate,29,91596,IT,20,10,2,3,female
SOCORRO,ANKERSEN,01-07-2016,Analyst,21,40586,Web,26,4,4,0,female
PETE,ADDIEGO,01-07-2016,Analyst,24,49530,Finance,18,12,3,0,female
BETH,ALYEA,01-07-2016,Analyst,24,42583,Management,26,4,5,2,male
PHILLIS,ARJUNE,01-07-2016,Associate,29,92453,Management,29,1,3,4,female
LASHONDA,ARCHBOLD,01-07-2016,Associate,28,93659,Management,24,6,3,5,female
BROOKS,ALBARRACIN,01-07-2016,Analyst,24,48222,Marketing,29,1,3,2,male
WALLY,ALLY,01-07-2016,Analyst,25,46319,Finance,26,4,3,2,female
EZEKIEL,ALKIRE,01-07-2016,Analyst,24,45861,Operations,29,1,5,2,female
DAYNA,ARDIS,01-07-2016,Analyst,23,45481,Marketing,24,6,4,0,male
ANNE,ALTEMUS,01-07-2016,Analyst,25,42008,IT,16,14,2,1,female
ELDEN,ALMENAR,01-07-2016,Analyst,22,47850,IT,22,8,3,0,male
DEWITT,ALDEN,01-07-2016,Analyst,25,40113,Web,25,5,4,2,female
COURTNEY,AFURONG,01-07-2016,Analyst,22,47525,IT,20,10,4,0,male
EARLE,ALBERTINI,01-07-2016,Analyst,21,47685,IT,16,14,3,0,female
ESPERANZA,ANGELINI,01-07-2016,Senior Analyst,25,64823,Management,25,5,2,1,female
NICK,ACQUILLA,01-07-2016,Analyst,23,40414,Management,23,7,2,1,female
INEZ,AMIR,01-07-2016,Analyst,22,40572,IT,16,14,5,0,male
CELESTE,ANDREOZZI,01-07-2016,Analyst,25,46350,Finance,22,8,5,2,male
RENALDO,ALLON,01-07-2016,Associate,28,93529,Management,25,5,3,3,male
QUINTIN,ALFERO,01-07-2016,Senior Analyst,25,63647,Web,16,14,2,0,female
LEANN,ANSBRO,01-07-2016,Manager,35,140401,Marketing,28,2,4,9,female
TABATHA,ANTINARELLI,01-07-2016,Analyst,23,49141,IT,25,5,5,0,male
THOMAS,AAMODT,01-07-2016,Analyst,23,43670,IT,26,4,2,1,female
JAMAAL,ALDECOA,01-07-2016,Analyst,23,42553,Operations,25,5,5,0,female
TEDDY,AGENT,01-07-2016,Analyst,22,46783,Operations,19,11,5,0,female
RUFUS,ADINOLFI,01-07-2016,Analyst,22,47146,Finance,29,1,5,0,male
NADIA,APLAND,01-07-2016,Analyst,22,48730,Management,23,7,2,0,male
JASPER,AGRIOS,01-07-2016,Analyst,22,40808,IT,17,13,2,0,female
CAITLIN,ANDZULIS,01-07-2016,Analyst,25,40508,Management,17,13,4,1,female
SIMONE,ANOE,01-07-2016,Analyst,22,45111,IT,27,3,5,0,female
TAYLOR,ANTOSH,01-07-2016,Analyst,23,47414,Web,17,13,5,1,female
RANDOLPH,ADDINGTON,01-07-2016,Senior Manager,39,161839,Marketing,25,5,4,11,female
EULA,ANAUO,01-07-2016,Associate,29,82993,Finance,29,1,5,5,male
HANNA,ARGANBRIGHT,01-07-2016,Analyst,25,43354,IT,27,3,4,1,male
RAUL,ABU,01-07-2016,Analyst,24,47791,Web,29,1,2,1,male
VELMA,AMELUNG,01-07-2016,Senior Analyst,25,59115,Management,26,4,4,0,male
VERNICE,ARIAZA,01-07-2016,Analyst,23,49830,Finance,21,9,2,0,male
FELECIA,ARBUCKLE,01-07-2016,Analyst,24,46822,Operations,29,1,2,0,male
SELENA,ANTUNEZ,01-07-2016,Analyst,21,45321,Operations,19,11,5,0,female
CLARENCE,ABDULMATEEN,01-07-2016,Analyst,22,48781,Web,16,14,4,0,male
JEAN,ALSBROOK,01-07-2016,Analyst,25,49631,Marketing,20,10,3,2,female
BRIANNE,AREVALOS,01-07-2016,Analyst,25,46102,IT,29,1,5,1,male
CHRISTI,ANINION,01-07-2016,Analyst,25,46781,Management,26,4,3,1,male
ANTONIA,ALJEMAL,01-07-2016,Analyst,24,46935,IT,30,0,5,1,female
AUGUSTINE,ALARIO,01-07-2016,Analyst,24,41705,Operations,27,3,2,0,male
FREEMAN,ALAR,01-07-2016,Analyst,22,43434,Web,19,11,4,0,female
CHRIS,ABE,01-07-2016,Analyst,24,43726,Management,30,0,5,1,male
HORACIO,ALESSANDRINI,01-07-2016,Analyst,23,48443,Management,29,1,4,0,male
SALLIE,ANDRIES,01-07-2016,Senior Analyst,28,50687,Management,23,7,5,5,female
EDITH,ALTO,01-07-2016,Analyst,25,42635,IT,18,12,3,2,male
WINONA,ARGENAL,01-07-2016,Analyst,25,41834,Finance,29,1,3,1,male
GRETCHEN,ANCEL,01-07-2016,Analyst,24,44028,Web,30,0,5,2,female
EDDY,AILSHIRE,01-07-2016,Analyst,22,44787,Operations,28,2,5,0,female
MARYANN,AMMIRATO,01-07-2016,Senior Analyst,28,60183,Marketing,24,6,5,1,male
WM,ADDIE,01-07-2016,Analyst,24,40594,IT,23,7,5,1,male
MOISES,AHLBERG,01-07-2016,Senior Analyst,27,53406,Web,27,3,3,3,female
FRANKLIN,ABUGN,01-07-2016,Analyst,24,40251,Operations,19,11,5,0,male
MA,ARCIOLA,01-07-2016,Analyst,23,44551,Marketing,19,11,5,0,male
JEFFRY,AHLM,01-07-2016,Analyst,24,49525,Finance,29,1,4,2,male
DONALD,AARANT,01-07-2016,Analyst,21,43624,Web,16,14,4,0,female
ADELINE,ANGLEN,01-07-2016,Analyst,25,41785,Finance,20,10,4,2,female
OLEN,ALEN,01-07-2016,Senior Analyst,27,52760,Operations,19,11,4,2,male
CHERIE,ANGELBECK,01-07-2016,Analyst,21,42143,Operations,15,15,4,0,female
PABLO,ADAMO,01-07-2016,Senior Analyst,26,68067,Web,15,15,3,2,female
ARLEEN,AREIZAGA,01-07-2016,Associate,30,87166,Operations,24,6,5,3,female
JACKSON,AHLF,01-07-2016,Analyst,24,48519,IT,18,12,2,0,male
ISAAC,ACKERLY,01-07-2016,Analyst,22,47013,Marketing,18,12,3,0,female
DEWEY,ADOLPH,01-07-2016,Analyst,23,47131,IT,26,4,4,0,female
BRAD,ABUNDIZ,01-07-2016,Senior Analyst,26,67582,Management,23,7,5,3,female
RANDALL,ABINA,01-07-2016,Analyst,21,48343,Web,30,0,4,0,male
HARVEY,ACCARDI,01-07-2016,Analyst,21,44693,Web,28,2,2,0,male
SELMA,ANNAS,01-07-2016,Analyst,22,47812,Operations,21,9,5,0,male
SASHA,APPLEBY,01-07-2016,Analyst,23,40690,Operations,30,0,2,1,male
ELISHA,ALMARAZ,01-07-2016,Senior Analyst,25,66311,Management,15,15,3,2,male
DOROTHY,ALMONTE,01-07-2016,Analyst,21,48587,IT,20,10,3,0,male
CONSTANCE,AMAS,01-07-2016,Analyst,21,44467,Marketing,28,2,2,0,male
GERTRUDE,AMADEO,01-07-2016,Analyst,23,43172,Finance,17,13,3,1,male
MARTHA,ALPERS,01-07-2016,Analyst,23,44014,Web,22,8,2,0,male
VERNON,ABREAU,01-07-2016,Analyst,23,44372,Marketing,29,1,4,0,female
LORA,ANADIO,01-07-2016,Analyst,22,47033,Finance,20,10,2,0,female
SHELBY,ANDREONI,01-07-2016,Analyst,22,47990,Marketing,28,2,4,0,female
OMA,ARIETTA,01-07-2016,Analyst,22,46452,Management,16,14,3,0,male
MONTE,AGUADO,01-07-2016,Analyst,25,42826,Management,19,11,3,2,male
CARMEN,ALTKEN,01-07-2016,Analyst,23,40846,IT,30,0,2,0,male
JOANN,ALVELO,01-07-2016,Analyst,22,45036,Web,21,9,5,0,female
TRISTAN,ALAGNA,01-07-2016,Associate,28,71673,Finance,29,1,3,3,female
VAN,AFRICA,01-07-2016,Analyst,21,41386,Web,19,11,4,0,male
GABRIEL,ABURTO,01-07-2016,Analyst,23,44094,Management,17,13,3,0,female
VICTOR,ABDOOL,01-07-2016,Senior Analyst,28,67575,Finance,23,7,5,0,male
FLOSSIE,ANSHUTZ,01-07-2016,Analyst,23,45156,IT,27,3,3,0,female
NORMAND,ALCOCK,01-07-2016,Analyst,21,49686,Web,27,3,3,0,male
ROGER,ABBAS,01-07-2016,Analyst,22,41032,Finance,20,10,3,0,male
IRVIN,AFFAGATO,01-07-2016,Associate,31,98715,Operations,27,3,5,5,female
ROSEANN,APONTA,01-07-2016,Senior Analyst,25,58773,Finance,28,2,5,2,female
NICKOLAS,AILES,01-07-2016,Analyst,22,41925,IT,24,6,2,0,male
CHERYL,ALSBROOKS,01-07-2016,Analyst,25,43531,Web,24,6,4,3,female
WAYLON,ALLISTON,01-07-2016,Analyst,22,42673,Operations,25,5,2,0,female
AL,ADOLPHE,01-07-2016,Analyst,22,49618,Operations,30,0,5,0,male
RENAE,ARCILLA,01-07-2016,Senior Analyst,27,69643,Marketing,16,14,4,3,female
SHAWN,ANDRICK,01-07-2016,Senior Analyst,26,59262,Web,18,12,2,0,male
BILLIE,AGNELLO,01-07-2016,Analyst,25,41583,IT,15,15,5,3,female
DEANNA,AMBROSINO,01-07-2016,Analyst,21,40415,Marketing,28,2,3,0,female
CHARITY,ANGON,01-07-2016,Analyst,24,42416,Web,22,8,5,0,female
STEVE,ABDELDAYEN,01-07-2016,Associate,31,87324,Marketing,16,14,2,5,male
JERRY,APANA,01-07-2016,Associate,28,84967,Web,29,1,2,0,male
EMILIE,ARCOS,01-07-2016,Analyst,24,41869,Management,24,6,5,0,female
DIANN,ARAMBULA,01-07-2016,Analyst,21,43481,Operations,29,1,5,0,female
MISTY,AMENTA,01-07-2016,Senior Analyst,28,54166,Web,15,15,4,2,male
EMMITT,ALIMENTO,01-07-2016,Analyst,25,47649,Finance,20,10,3,3,male
CAREY,APTHORPE,01-07-2016,Manager,33,119673,Marketing,27,3,2,5,male
ARLINE,APPLEBURY,01-07-2016,Analyst,21,47431,Web,22,8,3,0,female
LACEY,ANGLADA,01-07-2016,Analyst,23,48014,Marketing,15,15,2,0,female
SHERI,AMOUR,01-07-2016,Analyst,22,49686,Management,28,2,2,0,male
ELIZABETH,ALMIRON,01-07-2016,Analyst,23,46043,IT,26,4,2,1,female
WILTON,ALDAY,01-07-2016,Analyst,25,46110,Management,29,1,2,1,female
JUANITA,ALTSTATT,01-07-2016,Senior Analyst,27,62307,Web,26,4,2,0,male
NED,AHLSTEDT,01-07-2016,Analyst,21,49627,Web,18,12,3,0,male
TRAVIS,ABENDROTH,01-07-2016,Analyst,25,44882,Operations,28,2,3,2,female
MILO,ALEPIN,01-07-2016,Manager,34,144573,IT,25,5,5,10,female
JARROD,AGUILLON,01-07-2016,Senior Manager,37,164773,Web,30,0,5,13,male
RICKEY,ADANK,01-07-2016,Senior Analyst,26,67735,Marketing,27,3,5,0,female
STUART,ACORDA,01-07-2016,Analyst,23,44964,Marketing,26,4,3,0,male
JUNG,ARMON,01-07-2016,Analyst,21,41476,Marketing,30,0,2,0,male
EMMA,ALTSISI,01-07-2016,Analyst,25,40251,Finance,18,12,2,1,male
HUMBERTO,AGGAS,01-07-2016,Associate,31,97830,IT,25,5,2,2,male
SANG,ALDAMA,01-07-2016,Analyst,24,42797,Operations,26,4,3,1,male
GONZALO,AHRENSTORFF,01-07-2016,Analyst,22,43173,IT,20,10,2,0,female
KIMBERLEY,ANGELL,01-07-2016,Analyst,25,47683,IT,29,1,4,3,female
EBONY,ANDRA,01-07-2016,Senior Manager,38,196757,IT,21,9,4,7,male
HAZEL,ALTWIES,01-07-2016,Analyst,23,42075,Operations,24,6,4,0,male
AMOS,AFALAVA,01-07-2016,Analyst,22,43353,Web,19,11,3,0,male
TAD,ALDRICH,01-07-2016,Analyst,22,43923,Finance,19,11,4,0,male
MALISSA,ARGOTE,01-07-2016,Analyst,24,43605,Operations,24,6,5,0,female
VONDA,ARBIZO,01-07-2016,Analyst,22,41262,Marketing,21,9,3,0,female
GARTH,ALAND,01-07-2016,Analyst,21,48056,Management,23,7,3,0,female
CAROLYN,ALPHIN,01-07-2016,Analyst,24,46584,Finance,15,15,3,1,male
JAMISON,ALFF,01-07-2016,Analyst,21,42651,Finance,20,10,4,0,male
CAMERON,ADAMIS,01-07-2016,Analyst,23,42465,Marketing,22,8,3,0,female
CAROL,ALDER,01-07-2016,Analyst,24,42453,Operations,22,8,2,0,female
LOGAN,AGNER,01-07-2016,Analyst,21,46026,Management,23,7,3,0,male
CORNELL,ALAMIA,01-07-2016,Analyst,24,49581,Management,18,12,5,1,female
MAGGIE,AMITH,01-07-2016,Analyst,22,41729,IT,27,3,5,0,female
ORLANDO,ADAMES,01-07-2016,Senior Analyst,27,56977,Marketing,20,10,2,2,male
ESTEBAN,AGUSTINE,01-07-2016,Senior Manager,37,166335,Management,21,9,4,11,female
WINFRED,AKEN,01-07-2016,Manager,35,135653,Finance,29,1,2,7,male
CONCEPCION,ANTER,01-07-2016,Associate,30,98057,Management,18,12,5,6,female
DIEGO,AHRENDES,01-07-2016,Senior Analyst,28,54184,Web,15,15,2,4,male
SIDNEY,ACKEN,01-07-2016,Analyst,25,49953,Finance,22,8,3,3,female
CANDICE,AMOR,01-07-2016,Senior Analyst,25,52113,Marketing,15,15,3,0,female
ORVAL,ALEKNA,01-07-2016,Analyst,24,44983,Management,30,0,3,1,female
DANA,ALVIDREZ,01-07-2016,Analyst,22,45057,Management,26,4,4,0,female
THEODORE,ABLER,01-07-2016,Analyst,23,46985,Web,23,7,4,0,female
FEDERICO,AILSWORTH,01-07-2016,Analyst,24,41846,Management,28,2,4,1,male
JEROMY,ALLUM,01-07-2016,Senior Analyst,26,65880,Management,25,5,5,0,female
ILENE,AONO,01-07-2016,Associate,32,79721,Marketing,24,6,5,6,male
EVE,ANTONAKOS,01-07-2016,Analyst,23,45636,Marketing,25,5,4,1,female
TERRA,ARCARO,01-07-2016,Analyst,24,41609,Management,21,9,2,2,female
RENAE,ARCILLA,01-07-2016,Senior Analyst,27,69643,Marketing,16,14,4,3,female
DOMINGA,ARMENDARIZ,01-07-2016,Analyst,25,47178,Management,24,6,3,2,female
WILMER,AKIONA,01-07-2016,Senior Analyst,25,50739,IT,25,5,3,0,male
TRENT,AGGARWAL,01-07-2016,Analyst,23,40331,Finance,18,12,2,0,male
MOSHE,ALFANO,01-07-2016,Senior Analyst,25,57997,Operations,28,2,4,2,male
ABBIE,ARCUO,01-07-2016,Analyst,25,46514,Web,28,2,2,2,male
LUELLA,ANKENMAN,01-07-2016,Analyst,22,41164,Management,22,8,4,0,male
ERNESTO,ADAMIK,01-07-2016,Analyst,25,40140,Marketing,30,0,4,1,female
ADOLFO,AGUIAR,01-07-2016,Analyst,21,46116,Marketing,29,1,4,0,male
MARGARET,ALMOND,01-07-2016,Analyst,25,49111,IT,28,2,5,2,female
PATRICE,ANDREASSI,01-07-2016,Analyst,24,47782,Management,25,5,5,2,male
RANDY,ABDELRAHMAN,01-07-2016,Analyst,25,44022,IT,15,15,4,2,male
JOESPH,AHLO,01-07-2016,Analyst,22,41468,Operations,18,12,3,0,male
BERNIECE,ARMIJOS,01-07-2016,Analyst,21,40142,Web,26,4,4,0,female
EMILIA,ANTOLIK,01-07-2016,Senior Manager,37,151618,Marketing,16,14,3,10,female
NIGEL,ALCANTAS,01-07-2016,Senior Analyst,28,66022,IT,24,6,2,1,male
ELLA,AMADO,01-07-2016,Analyst,25,47746,IT,21,9,5,1,male
ROSENDO,ALDABA,01-07-2016,Analyst,22,48101,Marketing,16,14,4,0,female
NICHOLE,AMTOWER,01-07-2016,Analyst,23,45028,Management,30,0,2,0,male
SHERRI,AMERICAN,01-07-2016,Analyst,24,43461,IT,20,10,5,1,male
KENETH,ALM,01-07-2016,Analyst,21,43726,Finance,29,1,2,0,female
ARON,ALBOR,01-07-2016,Analyst,25,49310,Marketing,16,14,2,2,female
FERMIN,ALI,01-07-2016,Analyst,23,44925,IT,21,9,2,0,male
CANDIDA,ARIS,01-07-2016,Senior Manager,39,187426,IT,21,9,5,13,male
JANIE,AMISTOSO,01-07-2016,Analyst,22,47430,Operations,17,13,3,0,male
BENITA,ANTOLIN,01-07-2016,Analyst,21,44312,Marketing,22,8,3,0,female
NADINE,AMYX,01-07-2016,Analyst,25,40271,IT,25,5,4,2,male
EVA,ALU,01-07-2016,Analyst,21,45105,Marketing,17,13,3,0,male
FERN,ANDRY,01-07-2016,Analyst,24,45174,Finance,18,12,5,1,female
FAUSTINO,ALDERSON,01-07-2016,Analyst,24,49908,Web,24,6,4,1,female
WILLIE,AMANN,01-07-2016,Analyst,22,44591,Management,15,15,4,0,male
ANTOINE,AGOSTINELLI,01-07-2016,Analyst,22,40054,IT,26,4,3,0,male
CHRISTY,AMBROSINI,01-07-2016,Analyst,21,48773,Finance,24,6,2,0,male
CORINE,APAEZ,01-07-2016,Analyst,24,41685,Finance,30,0,2,2,female
SONDRA,ANGLUM,01-07-2016,Analyst,23,49026,Operations,30,0,4,0,female
FLETCHER,AKLEY,01-07-2016,Associate,30,71873,IT,27,3,5,3,male
GWEN,ANCIRA,01-07-2016,Analyst,22,46078,Operations,15,15,3,0,female
MARCIA,AMATI,01-07-2016,Analyst,23,47936,Finance,26,4,5,0,female
VICKI,ALZATE,01-07-2016,Analyst,24,41653,Marketing,19,11,5,2,male
MARC,ABRUZZO,01-07-2016,Analyst,23,49265,IT,29,1,3,0,male
JOE,ABBASI,01-07-2016,Analyst,21,43315,Management,29,1,3,0,male
EDYTHE,ARDAN,01-07-2016,Analyst,22,43569,Finance,27,3,2,0,male
DEBRA,ALPERT,01-07-2016,Manager,32,122535,IT,24,6,4,5,female
ROBERTO,ABRECHT,01-07-2016,Analyst,23,45606,Finance,20,10,4,1,female
DERICK,AHRENT,01-07-2016,Analyst,23,40300,Marketing,20,10,2,1,male
THERESA,ALSPACH,01-07-2016,Analyst,21,44956,Web,28,2,2,0,female
LOUIE,AGILAR,01-07-2016,Analyst,22,40562,Marketing,29,1,2,0,male
PORFIRIO,ALDROW,01-07-2016,Analyst,22,45155,Web,25,5,5,0,female
IAN,ACHOR,01-07-2016,Analyst,23,45531,Operations,26,4,4,0,male
SAUNDRA,ANTONETTY,01-07-2016,Analyst,25,44618,Management,28,2,3,1,male
JANICE,ALSIP,01-07-2016,Analyst,24,46823,Finance,27,3,3,1,female
ROLANDO,AERNI,01-07-2016,Analyst,25,48268,Finance,23,7,4,2,female
TORY,ALESHIRE,01-07-2016,Analyst,22,43807,IT,24,6,4,0,male
LEOTA,ARMBRUST,01-07-2016,Analyst,23,47160,Web,20,10,4,1,female
JUDY,ALSOBROOKS,01-07-2016,Analyst,22,42519,IT,16,14,2,0,female
MOLLIE,ANGELORO,01-07-2016,Analyst,21,47297,Management,21,9,5,0,male
HOLLIS,AITKIN,01-07-2016,Senior Manager,37,153246,Marketing,18,12,5,11,female
SID,ALMAN,01-07-2016,Analyst,21,45122,Finance,16,14,2,0,female
LAURETTA,ARMAN,01-07-2016,Analyst,25,46152,Operations,19,11,3,2,female
SERGIO,ACKLES,01-07-2016,Associate,28,90802,Finance,17,13,2,3,female
TRUDY,ANGELINE,01-07-2016,Analyst,22,47788,Operations,15,15,3,0,male
LUIS,ABEL,01-07-2016,Analyst,22,46218,Management,28,2,2,0,male
ERNA,ARAB,01-07-2016,Analyst,21,40398,Operations,19,11,3,0,male
CLAUDIO,ALDERTON,01-07-2016,Analyst,24,40267,IT,17,13,4,0,male
KERMIT,AGURS,01-07-2016,Analyst,25,46965,Management,30,0,3,2,female
BRIANA,APPELMAN,01-07-2016,Analyst,22,41071,Management,28,2,5,0,female
HECTOR,ABREO,01-07-2016,Analyst,25,40261,IT,24,6,2,3,female
JEANNETTE,AMORELLO,01-07-2016,Analyst,25,40270,IT,17,13,5,3,male
ROSALEE,ARENDALE,01-07-2016,Analyst,21,42148,Management,29,1,2,0,male
WES,ALLHANDS,01-07-2016,Analyst,22,43671,Management,18,12,5,0,female
COY,AIPOPO,01-07-2016,Analyst,22,42469,Management,19,11,3,0,male
DWAIN,ALGOOD,01-07-2016,Analyst,23,47979,Finance,16,14,5,0,female
KERRY,ANCISO,01-07-2016,Analyst,21,46370,Operations,23,7,2,0,male
JEFFERSON,AIEVOLI,01-07-2016,Analyst,25,44273,Web,29,1,5,2,female
ROSARIO,ANGELOFF,01-07-2016,Manager,32,129647,Marketing,16,14,5,8,male
THANH,ALERS,01-07-2016,Analyst,22,41316,Finance,15,15,2,0,female
DAPHNE,ANGIER,01-07-2016,Analyst,22,43159,Web,25,5,5,0,male
YESENIA,APKING,01-07-2016,Senior Analyst,26,56300,IT,15,15,2,3,male
SUZAN,ARISMENDEZ,01-07-2016,Analyst,24,40236,IT,26,4,5,2,male
JERALD,AGE,01-07-2016,Analyst,23,44730,Finance,19,11,3,1,female
ANTONY,ALAMO,01-07-2016,Associate,32,78311,Marketing,30,0,3,7,female
STEWART,ADRIANCE,01-07-2016,Analyst,22,45875,Web,18,12,2,0,male
TIMMY,AFFOLTER,01-07-2016,Senior Analyst,27,65600,IT,24,6,4,3,male
MARCEL,AHLERS,01-07-2016,Analyst,21,46851,Operations,16,14,4,0,female
TIMOTHY,AAVANG,01-07-2016,Manager,34,114337,Finance,27,3,4,9,male
JOSEPHINE,ALTOM,01-07-2016,Analyst,22,45527,Marketing,30,0,5,0,male
ALYCE,APPELING,01-07-2016,Associate,31,83091,Web,28,2,3,2,male
DORIS,ALSANDOR,01-07-2016,Analyst,21,40244,IT,22,8,3,0,male
ANTOINETTE,AMONS,01-07-2016,Analyst,24,49315,Operations,25,5,5,1,male
ALAN,ABDULLAH,01-07-2016,Analyst,25,45461,Marketing,25,5,2,2,male
KERRI,ANDRIS,01-07-2016,Senior Analyst,25,59425,Finance,21,9,2,0,female
OFELIA,ANNIS,01-07-2016,Analyst,21,41966,IT,27,3,3,0,male
ABRAM,ALIG,01-07-2016,Analyst,25,43938,Web,25,5,2,3,male
ELISSA,ARMAS,01-07-2016,Analyst,21,41759,Management,28,2,2,0,male
RIGOBERTO,AHUNA,01-07-2016,Senior Manager,36,171056,IT,22,8,3,10,male
EFREN,ALCAOA,01-07-2016,Analyst,25,40214,Finance,29,1,2,2,male
SHAUNA,ANGUSTIA,01-07-2016,Analyst,25,43148,Operations,27,3,2,2,male
ANDY,ACKINS,01-07-2016,Analyst,21,48074,Web,15,15,2,0,male
BETSY,ANAST,01-07-2016,Analyst,23,45561,Web,16,14,4,0,female
CAROLINA,ANGELLOTTI,01-07-2016,Analyst,23,42987,Marketing,29,1,4,0,female
JANELLE,ANDRUS,01-07-2016,Analyst,24,44125,Web,27,3,2,1,female
JEROME,ABPLANALP,01-07-2016,Analyst,23,45790,Management,27,3,2,0,male
MARILYNN,ARGUST,01-07-2016,Analyst,23,47807,Management,26,4,2,1,male
LOU,ANGELOU,01-07-2016,Analyst,24,44763,Web,18,12,2,0,male
DENNY,AINES,01-07-2016,Analyst,24,41516,Operations,28,2,2,2,male
EDMUND,ADELSPERGER,01-07-2016,Analyst,25,49764,Operations,28,2,4,2,male
JANNIE,ARAI,01-07-2016,Analyst,23,48892,Marketing,16,14,3,1,male
ADRIANNE,AREBELA,01-07-2016,Analyst,23,49248,Operations,26,4,3,0,female
SPENCER,ADELS,01-07-2016,Analyst,25,45818,Marketing,21,9,2,2,female
SANTOS,AGARD,01-07-2016,Analyst,24,45675,Finance,25,5,2,0,female
ASA,ALLESSIO,01-07-2016,Analyst,23,45744,IT,23,7,2,1,female
DOUGLASS,ALLEN,01-07-2016,Analyst,25,43418,Management,20,10,5,2,female
JEWEL,ANDREPONT,01-07-2016,Analyst,21,43601,IT,26,4,2,0,male
SHELIA,AMORUSO,01-07-2016,Senior Analyst,26,66908,IT,17,13,4,1,male
HILARY,ANSTEAD,01-07-2016,Analyst,23,47667,Marketing,28,2,4,0,male
COLIN,ADELGREN,01-07-2016,Analyst,24,48689,IT,29,1,2,1,male
SALVADOR,ACKISS,01-07-2016,Analyst,22,45633,Management,26,4,5,0,female
TERRI,AMACKER,01-07-2016,Analyst,25,48287,Management,15,15,3,2,female
ALFRED,ABERNATHY,01-07-2016,Analyst,25,49459,Marketing,30,0,3,3,male
DELLA,AMOS,01-07-2016,Analyst,24,48222,Operations,15,15,5,1,male
ADAM,ABDALLA,01-07-2016,Analyst,25,47590,IT,16,14,4,3,male
CONNIE,ALESCI,01-07-2016,Analyst,25,41166,Finance,21,9,2,3,female
JOSE,ABAD,01-07-2016,Analyst,25,42064,Operations,19,11,3,1,male
NICKY,ALLIGOOD,01-07-2016,Analyst,24,44557,Management,15,15,2,2,female
BESSIE,AMANTE,01-07-2016,Associate,28,87171,Finance,29,1,3,2,male
ALYSON,ARBETMAN,01-07-2016,Analyst,22,41053,Marketing,26,4,3,0,female
GREG,ABRAMEK,01-07-2016,Analyst,23,41320,Finance,22,8,5,0,male
MARIANA,ARABIA,01-07-2016,Analyst,24,49662,Finance,15,15,2,1,female
RYAN,ABBAMONTE,01-07-2016,Analyst,21,42476,Management,23,7,2,0,female
EDUARDO,ACOBA,01-07-2016,Senior Analyst,27,51380,Finance,20,10,5,5,female
LUCILE,ANNA,01-07-2016,Analyst,24,42344,Marketing,17,13,4,2,female
JERRY,ABASCAL,01-07-2016,Analyst,24,47714,Marketing,22,8,2,1,male
ARIEL,ALBARRAN,01-07-2016,Analyst,24,44406,Operations,23,7,4,1,female
JUSTINE,ANIS,01-07-2016,Analyst,25,42214,Finance,18,12,5,3,female
DORSEY,ALMENDAREZ,01-07-2016,Analyst,21,46813,Marketing,18,12,3,0,female
ESTELA,ANSTETT,01-07-2016,Analyst,23,48406,Operations,27,3,2,1,female
PATSY,AMBROSIO,01-07-2016,Analyst,22,41265,Web,29,1,4,0,female
,,,,,,,,,,,
,,,,,,,,,,,
,,,,,,,,,,,
,,,,,,,,,,,
,,,,,,,,,,,
,,,,,,,,,,,
,,,,,,,,,,,
,,,,,,,,,,,
,,,,,,,,,,,
,,,,,,,,,,,
,,,,,,,,,,,
,,,,,,,,,,,
,,,,,,,,,,,
,,,,,,,,,,,
,,,,,,,,,,,
,,,,,,,,,,,
,,,,,,,,,,,
,,,,,,,,,,,
,,,,,,,,,,,
,,,,,,,,,,,
,,,,,,,,,,,
,,,,,,,,,,,
,,,,,,,,,,,
,,,,,,,,,,,
,,,,,,,,,,,
,,,,,,,,,,,
,,,,,,,,,,,
,,,,,,,,,,,
,,,,,,,,,,,
,,,,,,,,,,,
,,,,,,,,,,,
,,,,,,,,,,,
,,,,,,,,,,,
,,,,,,,,,,,
,,,,,,,,,,,
,,,,,,,,,,,
,,,,,,,,,,,
,,,,,,,,,,,
,,,,,,,,,,,
,,,,,,,,,,,
,,,,,,,,,,,
,,,,,,,,,,,
,,,,,,,,,,,
,,,,,,,,,,,
,,,,,,,,,,,
,,,,,,,,,,,
,,,,,,,,,,,
,,,,,,,,,,,
,,,,,,,,,,,
,,,,,,,,,,,
,,,,,,,,,,,
,,,,,,,,,,,
,,,,,,,,,,,
,,,,,,,,,,,
,,,,,,,,,,,
,,,,,,,,,,,
,,,,,,,,,,,
,,,,,,,,,,,
,,,,,,,,,,,
,,,,,,,,,,,
,,,,,,,,,,,
,,,,,,,,,,,
,,,,,,,,,,,
,,,,,,,,,,,
,,,,,,,,,,,
,,,,,,,,,,,
,,,,,,,,,,,
,,,,,,,,,,,
,,,,,,,,,,,
,,,,,,,,,,,
,,,,,,,,,,,
,,,,,,,,,,,
,,,,,,,,,,,
,,,,,,,,,,,
,,,,,,,,,,,
,,,,,,,,,,,
,,,,,,,,,,,
,,,,,,,,,,,
,,,,,,,,,,,
,,,,,,,,,,,
,,,,,,,,,,,
,,,,,,,,,,,
,,,,,,,,,,,
,,,,,,,,,,,
,,,,,,,,,,,
,,,,,,,,,,,
,,,,,,,,,,,
,,,,,,,,,,,
,,,,,,,,,,,
,,,,,,,,,,,
,,,,,,,,,,,
,,,,,,,,,,,
,,,,,,,,,,,
,,,,,,,,,,,
,,,,,,,,,,,
,,,,,,,,,,,
,,,,,,,,,,,
,,,,,,,,,,,
,,,,,,,,,,,
,,,,,,,,,,,
,,,,,,,,,,,
,,,,,,,,,,,
,,,,,,,,,,,
,,,,,,,,,,,
,,,,,,,,,,,
,,,,,,,,,,,
,,,,,,,,,,,
,,,,,,,,,,,
,,,,,,,,,,,
,,,,,,,,,,,
,,,,,,,,,,,
,,,,,,,,,,,
,,,,,,,,,,,
,,,,,,,,,,,
,,,,,,,,,,,
,,,,,,,,,,,
,,,,,,,,,,,
,,,,,,,,,,,
,,,,,,,,,,,
,,,,,,,,,,,
,,,,,,,,,,,
,,,,,,,,,,,
,,,,,,,,,,,
,,,,,,,,,,,
,,,,,,,,,,,
,,,,,,,,,,,
,,,,,,,,,,,
,,,,,,,,,,,
,,,,,,,,,,,
,,,,,,,,,,,
,,,,,,,,,,,
,,,,,,,,,,,
,,,,,,,,,,,
,,,,,,,,,,,
,,,,,,,,,,,
,,,,,,,,,,,
,,,,,,,,,,,
,,,,,,,,,,,
,,,,,,,,,,,
,,,,,,,,,,,
,,,,,,,,,,,
,,,,,,,,,,,
,,,,,,,,,,,
,,,,,,,,,,,
,,,,,,,,,,,
,,,,,,,,,,,
,,,,,,,,,,,
,,,,,,,,,,,
,,,,,,,,,,,
,,,,,,,,,,,
,,,,,,,,,,,
,,,,,,,,,,,
,,,,,,,,,,,
,,,,,,,,,,,
,,,,,,,,,,,
,,,,,,,,,,,
,,,,,,,,,,,
,,,,,,,,,,,
,,,,,,,,,,,
,,,,,,,,,,,
,,,,,,,,,,,
,,,,,,,,,,,
,,,,,,,,,,,
,,,,,,,,,,,
,,,,,,,,,,,
,,,,,,,,,,,
,,,,,,,,,,,
,,,,,,,,,,,
,,,,,,,,,,,
,,,,,,,,,,,
,,,,,,,,,,,
,,,,,,,,,,,
,,,,,,,,,,,
,,,,,,,,,,,
,,,,,,,,,,,
,,,,,,,,,,,
,,,,,,,,,,,
,,,,,,,,,,,
,,,,,,,,,,,
,,,,,,,,,,,
,,,,,,,,,,,
,,,,,,,,,,,
,,,,,,,,,,,
,,,,,,,,,,,
,,,,,,,,,,,
,,,,,,,,,,,
,,,,,,,,,,,
,,,,,,,,,,,
,,,,,,,,,,,
,,,,,,,,,,,
,,,,,,,,,,,
,,,,,,,,,,,
,,,,,,,,,,,
,,,,,,,,,,,
,,,,,,,,,,,
,,,,,,,,,,,
,,,,,,,,,,,
,,,,,,,,,,,
,,,,,,,,,,,
,,,,,,,,,,,
,,,,,,,,,,,
,,,,,,,,,,,
,,,,,,,,,,,
,,,,,,,,,,,
,,,,,,,,,,,
,,,,,,,,,,,
,,,,,,,,,,,
,,,,,,,,,,,
,,,,,,,,,,,
,,,,,,,,,,,
,,,,,,,,,,,
,,,,,,,,,,,
,,,,,,,,,,,
,,,,,,,,,,,
,,,,,,,,,,,
,,,,,,,,,,,
,,,,,,,,,,,
,,,,,,,,,,,
,,,,,,,,,,,
,,,,,,,,,,,
,,,,,,,,,,,
,,,,,,,,,,,
,,,,,,,,,,,
,,,,,,,,,,,
,,,,,,,,,,,
,,,,,,,,,,,
,,,,,,,,,,,
,,,,,,,,,,,
,,,,,,,,,,,
,,,,,,,,,,,
,,,,,,,,,,,
,,,,,,,,,,,
,,,,,,,,,,,
,,,,,,,,,,,
,,,,,,,,,,,
,,,,,,,,,,,
,,,,,,,,,,,
,,,,,,,,,,,
,,,,,,,,,,,
,,,,,,,,,,,
,,,,,,,,,,,
,,,,,,,,,,,
,,,,,,,,,,,
,,,,,,,,,,,
,,,,,,,,,,,
,,,,,,,,,,,
,,,,,,,,,,,
,,,,,,,,,,,
,,,,,,,,,,,
,,,,,,,,,,,
,,,,,,,,,,,
,,,,,,,,,,,
,,,,,,,,,,,
,,,,,,,,,,,
,,,,,,,,,,,
,,,,,,,,,,,
,,,,,,,,,,,
,,,,,,,,,,,
,,,,,,,,,,,
,,,,,,,,,,,
,,,,,,,,,,,
,,,,,,,,,,,
,,,,,,,,,,,
,,,,,,,,,,,
,,,,,,,,,,,
,,,,,,,,,,,
,,,,,,,,,,,
,,,,,,,,,,,
,,,,,,,,,,,
,,,,,,,,,,,
,,,,,,,,,,,
,,,,,,,,,,,
,,,,,,,,,,,
,,,,,,,,,,,
,,,,,,,,,,,
,,,,,,,,,,,
,,,,,,,,,,,
,,,,,,,,,,,
,,,,,,,,,,,
,,,,,,,,,,,
,,,,,,,,,,,
,,,,,,,,,,,
,,,,,,,,,,,
,,,,,,,,,,,
,,,,,,,,,,,
,,,,,,,,,,,
,,,,,,,,,,,
,,,,,,,,,,,
,,,,,,,,,,,
,,,,,,,,,,,
,,,,,,,,,,,
,,,,,,,,,,,
,,,,,,,,,,,
,,,,,,,,,,,
,,,,,,,,,,,
,,,,,,,,,,,
,,,,,,,,,,,
,,,,,,,,,,,
,,,,,,,,,,,
,,,,,,,,,,,
,,,,,,,,,,,
,,,,,,,,,,,
,,,,,,,,,,,
,,,,,,,,,,,
,,,,,,,,,,,
,,,,,,,,,,,
,,,,,,,,,,,
,,,,,,,,,,,
,,,,,,,,,,,
,,,,,,,,,,,
,,,,,,,,,,,
,,,,,,,,,,,
,,,,,,,,,,,
,,,,,,,,,,,
,,,,,,,,,,,
,,,,,,,,,,,
,,,,,,,,,,,
,,,,,,,,,,,
,,,,,,,,,,,
,,,,,,,,,,,
,,,,,,,,,,,
,,,,,,,,,,,
,,,,,,,,,,,
,,,,,,,,,,,
,,,,,,,,,,,
,,,,,,,,,,,
,,,,,,,,,,,
,,,,,,,,,,,
,,,,,,,,,,,
,,,,,,,,,,,
,,,,,,,,,,,
,,,,,,,,,,,
,,,,,,,,,,,
,,,,,,,,,,,
,,,,,,,,,,,
,,,,,,,,,,,
,,,,,,,,,,,
,,,,,,,,,,,
,,,,,,,,,,,
,,,,,,,,,,,
,,,,,,,,,,,
,,,,,,,,,,,
,,,,,,,,,,,
,,,,,,,,,,,
,,,,,,,,,,,
,,,,,,,,,,,
,,,,,,,,,,,
,,,,,,,,,,,
,,,,,,,,,,,
,,,,,,,,,,,
,,,,,,,,,,,
,,,,,,,,,,,
,,,,,,,,,,,
,,,,,,,,,,,
,,,,,,,,,,,
,,,,,,,,,,,
,,,,,,,,,,,
,,,,,,,,,,,
,,,,,,,,,,,
,,,,,,,,,,,
,,,,,,,,,,,
,,,,,,,,,,,
,,,,,,,,,,,
,,,,,,,,,,,
,,,,,,,,,,,
,,,,,,,,,,,
,,,,,,,,,,,
,,,,,,,,,,,
,,,,,,,,,,,
,,,,,,,,,,,
,,,,,,,,,,,
,,,,,,,,,,,
,,,,,,,,,,,
,,,,,,,,,,,
,,,,,,,,,,,
,,,,,,,,,,,
,,,,,,,,,,,
,,,,,,,,,,,
,,,,,,,,,,,
,,,,,,,,,,,
,,,,,,,,,,,
,,,,,,,,,,,
,,,,,,,,,,,
,,,,,,,,,,,
,,,,,,,,,,,
,,,,,,,,,,,
,,,,,,,,,,,
,,,,,,,,,,,
,,,,,,,,,,,
,,,,,,,,,,,
,,,,,,,,,,,
,,,,,,,,,,,
,,,,,,,,,,,
,,,,,,,,,,,
,,,,,,,,,,,
,,,,,,,,,,,
,,,,,,,,,,,
,,,,,,,,,,,
,,,,,,,,,,,
,,,,,,,,,,,
,,,,,,,,,,,
,,,,,,,,,,,
,,,,,,,,,,,
,,,,,,,,,,,
,,,,,,,,,,,
,,,,,,,,,,,
,,,,,,,,,,,
,,,,,,,,,,,
,,,,,,,,,,,
,,,,,,,,,,,
,,,,,,,,,,,
,,,,,,,,,,,
,,,,,,,,,,,
,,,,,,,,,,,
,,,,,,,,,,,
,,,,,,,,,,,
,,,,,,,,,,,
,,,,,,,,,,,
,,,,,,,,,,,
,,,,,,,,,,,
,,,,,,,,,,,
,,,,,,,,,,,
,,,,,,,,,,,
,,,,,,,,,,,
,,,,,,,,,,,
,,,,,,,,,,,
,,,,,,,,,,,
,,,,,,,,,,,
,,,,,,,,,,,
,,,,,,,,,,,
,,,,,,,,,,,
,,,,,,,,,,,
,,,,,,,,,,,
,,,,,,,,,,,
,,,,,,,,,,,
,,,,,,,,,,,
,,,,,,,,,,,
,,,,,,,,,,,
,,,,,,,,,,,
,,,,,,,,,,,
,,,,,,,,,,,
,,,,,,,,,,,
,,,,,,,,,,,
,,,,,,,,,,,
,,,,,,,,,,,
,,,,,,,,,,,
,,,,,,,,,,,
,,,,,,,,,,,
,,,,,,,,,,,
,,,,,,,,,,,
,,,,,,,,,,,
,,,,,,,,,,,
,,,,,,,,,,,
,,,,,,,,,,,
,,,,,,,,,,,
,,,,,,,,,,,
,,,,,,,,,,,
,,,,,,,,,,,
,,,,,,,,,,,
,,,,,,,,,,,
,,,,,,,,,,,
,,,,,,,,,,,
,,,,,,,,,,,
,,,,,,,,,,,
,,,,,,,,,,,
,,,,,,,,,,,
,,,,,,,,,,,
,,,,,,,,,,,
,,,,,,,,,,,
,,,,,,,,,,,
,,,,,,,,,,,
,,,,,,,,,,,
,,,,,,,,,,,
,,,,,,,,,,,
,,,,,,,,,,,
,,,,,,,,,,,
,,,,,,,,,,,
,,,,,,,,,,,
,,,,,,,,,,,
,,,,,,,,,,,
,,,,,,,,,,,
,,,,,,,,,,,
,,,,,,,,,,,
,,,,,,,,,,,
,,,,,,,,,,,
,,,,,,,,,,,
,,,,,,,,,,,
,,,,,,,,,,,
,,,,,,,,,,,
,,,,,,,,,,,
,,,,,,,,,,,
,,,,,,,,,,,
,,,,,,,,,,,
,,,,,,,,,,,
,,,,,,,,,,,
,,,,,,,,,,,
,,,,,,,,,,,
,,,,,,,,,,,
,,,,,,,,,,,
,,,,,,,,,,,
,,,,,,,,,,,
,,,,,,,,,,,
,,,,,,,,,,,
,,,,,,,,,,,
,,,,,,,,,,,
,,,,,,,,,,,
,,,,,,,,,,,
,,,,,,,,,,,
,,,,,,,,,,,
,,,,,,,,,,,
,,,,,,,,,,,
,,,,,,,,,,,
,,,,,,,,,,,
,,,,,,,,,,,
,,,,,,,,,,,
,,,,,,,,,,,
,,,,,,,,,,,
,,,,,,,,,,,
,,,,,,,,,,,
,,,,,,,,,,,
,,,,,,,,,,,
,,,,,,,,,,,
,,,,,,,,,,,
,,,,,,,,,,,
,,,,,,,,,,,
,,,,,,,,,,,
,,,,,,,,,,,
,,,,,,,,,,,
,,,,,,,,,,,
,,,,,,,,,,,
,,,,,,,,,,,
,,,,,,,,,,,
,,,,,,,,,,,
,,,,,,,,,,,
,,,,,,,,,,,
,,,,,,,,,,,
,,,,,,,,,,,
,,,,,,,,,,,
,,,,,,,,,,,
,,,,,,,,,,,
,,,,,,,,,,,
,,,,,,,,,,,
,,,,,,,,,,,
,,,,,,,,,,,
,,,,,,,,,,,
,,,,,,,,,,,
,,,,,,,,,,,
,,,,,,,,,,,
,,,,,,,,,,,
,,,,,,,,,,,
,,,,,,,,,,,
,,,,,,,,,,,
,,,,,,,,,,,
,,,,,,,,,,,
,,,,,,,,,,,
,,,,,,,,,,,
,,,,,,,,,,,
,,,,,,,,,,,
,,,,,,,,,,,
,,,,,,,,,,,
,,,,,,,,,,,
,,,,,,,,,,,
,,,,,,,,,,,
,,,,,,,,,,,
,,,,,,,,,,,
,,,,,,,,,,,
,,,,,,,,,,,
,,,,,,,,,,,
,,,,,,,,,,,
,,,,,,,,,,,
,,,,,,,,,,,
,,,,,,,,,,,
,,,,,,,,,,,
,,,,,,,,,,,
,,,,,,,,,,,
,,,,,,,,,,,
,,,,,,,,,,,
,,,,,,,,,,,
,,,,,,,,,,,
,,,,,,,,,,,
,,,,,,,,,,,
,,,,,,,,,,,
,,,,,,,,,,,
,,,,,,,,,,,
,,,,,,,,,,,
,,,,,,,,,,,
,,,,,,,,,,,
,,,,,,,,,,,
,,,,,,,,,,,
,,,,,,,,,,,
,,,,,,,,,,,
,,,,,,,,,,,
,,,,,,,,,,,
,,,,,,,,,,,
,,,,,,,,,,,
,,,,,,,,,,,
,,,,,,,,,,,
,,,,,,,,,,,
,,,,,,,,,,,
,,,,,,,,,,,
,,,,,,,,,,,
,,,,,,,,,,,
,,,,,,,,,,,
,,,,,,,,,,,
,,,,,,,,,,,
,,,,,,,,,,,
,,,,,,,,,,,
,,,,,,,,,,,
,,,,,,,,,,,
,,,,,,,,,,,
,,,,,,,,,,,
,,,,,,,,,,,
,,,,,,,,,,,
,,,,,,,,,,,
,,,,,,,,,,,
,,,,,,,,,,,
,,,,,,,,,,,
,,,,,,,,,,,
,,,,,,,,,,,
,,,,,,,,,,,
,,,,,,,,,,,
,,,,,,,,,,,
,,,,,,,,,,,
,,,,,,,,,,,
,,,,,,,,,,,
,,,,,,,,,,,
,,,,,,,,,,,
,,,,,,,,,,,
,,,,,,,,,,,
,,,,,,,,,,,
,,,,,,,,,,,
,,,,,,,,,,,
,,,,,,,,,,,
,,,,,,,,,,,
,,,,,,,,,,,
,,,,,,,,,,,
,,,,,,,,,,,
,,,,,,,,,,,
,,,,,,,,,,,
,,,,,,,,,,,
,,,,,,,,,,,
,,,,,,,,,,,
,,,,,,,,,,,
,,,,,,,,,,,
,,,,,,,,,,,
,,,,,,,,,,,
,,,,,,,,,,,
,,,,,,,,,,,
,,,,,,,,,,,
,,,,,,,,,,,
,,,,,,,,,,,
,,,,,,,,,,,
,,,,,,,,,,,
,,,,,,,,,,,
,,,,,,,,,,,
,,,,,,,,,,,
,,,,,,,,,,,
,,,,,,,,,,,
,,,,,,,,,,,
,,,,,,,,,,,
,,,,,,,,,,,
,,,,,,,,,,,
,,,,,,,,,,,
,,,,,,,,,,,
,,,,,,,,,,,
,,,,,,,,,,,
,,,,,,,,,,,
,,,,,,,,,,,
,,,,,,,,,,,
,,,,,,,,,,,
,,,,,,,,,,,
,,,,,,,,,,,
,,,,,,,,,,,
,,,,,,,,,,,
,,,,,,,,,,,
,,,,,,,,,,,
,,,,,,,,,,,
,,,,,,,,,,,
,,,,,,,,,,,
,,,,,,,,,,,
,,,,,,,,,,,
,,,,,,,,,,,
,,,,,,,,,,,
,,,,,,,,,,,
,,,,,,,,,,,
,,,,,,,,,,,
,,,,,,,,,,,
,,,,,,,,,,,
,,,,,,,,,,,
,,,,,,,,,,,
,,,,,,,,,,,
,,,,,,,,,,,
,,,,,,,,,,,
,,,,,,,,,,,
,,,,,,,,,,,
,,,,,,,,,,,
,,,,,,,,,,,
,,,,,,,,,,,
,,,,,,,,,,,
,,,,,,,,,,,
,,,,,,,,,,,
,,,,,,,,,,,
,,,,,,,,,,,
,,,,,,,,,,,
,,,,,,,,,,,
,,,,,,,,,,,
,,,,,,,,,,,
,,,,,,,,,,,
,,,,,,,,,,,
,,,,,,,,,,,
,,,,,,,,,,,
,,,,,,,,,,,
,,,,,,,,,,,
,,,,,,,,,,,
,,,,,,,,,,,
,,,,,,,,,,,
,,,,,,,,,,,
,,,,,,,,,,,
,,,,,,,,,,,
,,,,,,,,,,,
,,,,,,,,,,,
,,,,,,,,,,,
,,,,,,,,,,,
,,,,,,,,,,,
,,,,,,,,,,,
,,,,,,,,,,,
,,,,,,,,,,,
,,,,,,,,,,,
,,,,,,,,,,,
,,,,,,,,,,,
,,,,,,,,,,,
,,,,,,,,,,,
,,,,,,,,,,,
,,,,,,,,,,,
,,,,,,,,,,,
,,,,,,,,,,,
,,,,,,,,,,,
,,,,,,,,,,,
,,,,,,,,,,,
,,,,,,,,,,,
,,,,,,,,,,,
,,,,,,,,,,,
,,,,,,,,,,,
,,,,,,,,,,,
,,,,,,,,,,,
,,,,,,,,,,,
,,,,,,,,,,,
,,,,,,,,,,,
,,,,,,,,,,,
,,,,,,,,,,,
,,,,,,,,,,,
,,,,,,,,,,,
,,,,,,,,,,,
,,,,,,,,,,,
,,,,,,,,,,,
,,,,,,,,,,,
,,,,,,,,,,,
,,,,,,,,,,,
,,,,,,,,,,,
,,,,,,,,,,,
,,,,,,,,,,,
,,,,,,,,,,,
,,,,,,,,,,,
,,,,,,,,,,,
,,,,,,,,,,,
,,,,,,,,,,,
,,,,,,,,,,,
,,,,,,,,,,,
,,,,,,,,,,,
,,,,,,,,,,,
,,,,,,,,,,,
,,,,,,,,,,,
,,,,,,,,,,,
,,,,,,,,,,,
,,,,,,,,,,,
,,,,,,,,,,,
,,,,,,,,,,,
,,,,,,,,,,,
,,,,,,,,,,,
,,,,,,,,,,,
,,,,,,,,,,,
,,,,,,,,,,,
,,,,,,,,,,,
,,,,,,,,,,,
,,,,,,,,,,,
,,,,,,,,,,,
,,,,,,,,,,,
,,,,,,,,,,,
,,,,,,,,,,,
,,,,,,,,,,,
,,,,,,,,,,,
,,,,,,,,,,,
,,,,,,,,,,,
,,,,,,,,,,,
,,,,,,,,,,,
,,,,,,,,,,,
,,,,,,,,,,,
,,,,,,,,,,,
,,,,,,,,,,,
,,,,,,,,,,,
,,,,,,,,,,,
,,,,,,,,,,,
,,,,,,,,,,,
,,,,,,,,,,,
,,,,,,,,,,,
,,,,,,,,,,,
,,,,,,,,,,,
,,,,,,,,,,,
,,,,,,,,,,,
,,,,,,,,,,,
,,,,,,,,,,,
,,,,,,,,,,,
,,,,,,,,,,,
,,,,,,,,,,,
,,,,,,,,,,,
,,,,,,,,,,,
,,,,,,,,,,,
,,,,,,,,,,,
,,,,,,,,,,,
,,,,,,,,,,,
,,,,,,,,,,,
,,,,,,,,,,,
,,,,,,,,,,,
,,,,,,,,,,,
,,,,,,,,,,,
,,,,,,,,,,,
,,,,,,,,,,,
,,,,,,,,,,,
,,,,,,,,,,,
,,,,,,,,,,,
,,,,,,,,,,,
,,,,,,,,,,,
,,,,,,,,,,,
,,,,,,,,,,,
,,,,,,,,,,,
,,,,,,,,,,,
,,,,,,,,,,,
,,,,,,,,,,,
,,,,,,,,,,,
,,,,,,,,,,,
,,,,,,,,,,,
,,,,,,,,,,,
,,,,,,,,,,,
,,,,,,,,,,,
,,,,,,,,,,,
,,,,,,,,,,,
,,,,,,,,,,,
,,,,,,,,,,,
,,,,,,,,,,,
,,,,,,,,,,,
,,,,,,,,,,,
,,,,,,,,,,,
,,,,,,,,,,,
,,,,,,,,,,,
,,,,,,,,,,,
,,,,,,,,,,,
,,,,,,,,,,,
,,,,,,,,,,,
,,,,,,,,,,,
,,,,,,,,,,,
,,,,,,,,,,,
,,,,,,,,,,,
,,,,,,,,,,,
,,,,,,,,,,,
,,,,,,,,,,,
,,,,,,,,,,,
,,,,,,,,,,,
,,,,,,,,,,,
,,,,,,,,,,,
,,,,,,,,,,,
,,,,,,,,,,,
,,,,,,,,,,,
,,,,,,,,,,,
,,,,,,,,,,,
,,,,,,,,,,,
,,,,,,,,,,,
,,,,,,,,,,,
,,,,,,,,,,,
,,,,,,,,,,,
,,,,,,,,,,,
,,,,,,,,,,,
,,,,,,,,,,,
,,,,,,,,,,,
,,,,,,,,,,,
,,,,,,,,,,,
,,,,,,,,,,,
,,,,,,,,,,,
,,,,,,,,,,,
,,,,,,,,,,,
,,,,,,,,,,,
,,,,,,,,,,,
,,,,,,,,,,,
,,,,,,,,,,,
,,,,,,,,,,,
,,,,,,,,,,,
,,,,,,,,,,,
,,,,,,,,,,,
,,,,,,,,,,,
,,,,,,,,,,,
,,,,,,,,,,,
,,,,,,,,,,,
,,,,,,,,,,,
,,,,,,,,,,,
,,,,,,,,,,,
,,,,,,,,,,,
,,,,,,,,,,,
,,,,,,,,,,,
,,,,,,,,,,,
,,,,,,,,,,,
,,,,,,,,,,,
,,,,,,,,,,,
,,,,,,,,,,,
,,,,,,,,,,,
,,,,,,,,,,,
,,,,,,,,,,,
,,,,,,,,,,,
,,,,,,,,,,,
,,,,,,,,,,,
,,,,,,,,,,,
,,,,,,,,,,,
,,,,,,,,,,,
,,,,,,,,,,,
,,,,,,,,,,,
,,,,,,,,,,,
,,,,,,,,,,,
,,,,,,,,,,,
,,,,,,,,,,,
,,,,,,,,,,,
,,,,,,,,,,,
,,,,,,,,,,,
,,,,,,,,,,,
,,,,,,,,,,,
,,,,,,,,,,,
,,,,,,,,,,,
,,,,,,,,,,,
,,,,,,,,,,,
,,,,,,,,,,,
,,,,,,,,,,,
,,,,,,,,,,,
,,,,,,,,,,,
,,,,,,,,,,,
,,,,,,,,,,,
,,,,,,,,,,,
,,,,,,,,,,,
,,,,,,,,,,,
,,,,,,,,,,,
,,,,,,,,,,,
,,,,,,,,,,,
,,,,,,,,,,,
,,,,,,,,,,,
,,,,,,,,,,,
,,,,,,,,,,,
,,,,,,,,,,,
,,,,,,,,,,,
,,,,,,,,,,,
,,,,,,,,,,,
,,,,,,,,,,,
,,,,,,,,,,,
,,,,,,,,,,,
,,,,,,,,,,,
,,,,,,,,,,,
,,,,,,,,,,,
,,,,,,,,,,,
,,,,,,,,,,,
,,,,,,,,,,,
,,,,,,,,,,,
,,,,,,,,,,,
,,,,,,,,,,,
,,,,,,,,,,,
,,,,,,,,,,,
,,,,,,,,,,,
,,,,,,,,,,,
,,,,,,,,,,,
,,,,,,,,,,,
,,,,,,,,,,,
,,,,,,,,,,,
,,,,,,,,,,,
,,,,,,,,,,,
,,,,,,,,,,,
,,,,,,,,,,,
,,,,,,,,,,,
,,,,,,,,,,,
,,,,,,,,,,,
,,,,,,,,,,,
,,,,,,,,,,,
,,,,,,,,,,,
,,,,,,,,,,,
,,,,,,,,,,,
,,,,,,,,,,,
,,,,,,,,,,,
,,,,,,,,,,,
,,,,,,,,,,,
,,,,,,,,,,,
,,,,,,,,,,,
,,,,,,,,,,,
,,,,,,,,,,,
,,,,,,,,,,,
,,,,,,,,,,,
,,,,,,,,,,,
,,,,,,,,,,,
,,,,,,,,,,,
,,,,,,,,,,,
,,,,,,,,,,,
,,,,,,,,,,,
,,,,,,,,,,,
,,,,,,,,,,,
,,,,,,,,,,,
,,,,,,,,,,,
,,,,,,,,,,,
,,,,,,,,,,,
,,,,,,,,,,,
,,,,,,,,,,,
,,,,,,,,,,,
,,,,,,,,,,,
,,,,,,,,,,,
,,,,,,,,,,,
,,,,,,,,,,,
,,,,,,,,,,,
,,,,,,,,,,,
,,,,,,,,,,,
,,,,,,,,,,,
,,,,,,,,,,,
,,,,,,,,,,,
,,,,,,,,,,,
,,,,,,,,,,,
,,,,,,,,,,,
,,,,,,,,,,,
,,,,,,,,,,,
,,,,,,,,,,,
,,,,,,,,,,,
,,,,,,,,,,,
,,,,,,,,,,,
,,,,,,,,,,,
,,,,,,,,,,,
,,,,,,,,,,,
,,,,,,,,,,,
,,,,,,,,,,,
,,,,,,,,,,,
,,,,,,,,,,,
,,,,,,,,,,,
,,,,,,,,,,,
,,,,,,,,,,,
,,,,,,,,,,,
,,,,,,,,,,,
,,,,,,,,,,,
,,,,,,,,,,,
,,,,,,,,,,,
,,,,,,,,,,,
,,,,,,,,,,,
,,,,,,,,,,,
,,,,,,,,,,,
,,,,,,,,,,,
,,,,,,,,,,,
,,,,,,,,,,,
,,,,,,,,,,,
,,,,,,,,,,,
,,,,,,,,,,,
,,,,,,,,,,,
,,,,,,,,,,,
,,,,,,,,,,,
,,,,,,,,,,,
,,,,,,,,,,,
,,,,,,,,,,,
,,,,,,,,,,,
,,,,,,,,,,,
,,,,,,,,,,,
,,,,,,,,,,,
,,,,,,,,,,,
,,,,,,,,,,,
,,,,,,,,,,,
,,,,,,,,,,,
,,,,,,,,,,,
,,,,,,,,,,,
,,,,,,,,,,,
,,,,,,,,,,,
,,,,,,,,,,,
,,,,,,,,,,,
,,,,,,,,,,,
,,,,,,,,,,,
,,,,,,,,,,,
,,,,,,,,,,,
,,,,,,,,,,,
,,,,,,,,,,,
,,,,,,,,,,,
,,,,,,,,,,,
,,,,,,,,,,,
,,,,,,,,,,,
,,,,,,,,,,,
,,,,,,,,,,,
,,,,,,,,,,,
,,,,,,,,,,,
,,,,,,,,,,,
,,,,,,,,,,,
,,,,,,,,,,,
,,,,,,,,,,,
,,,,,,,,,,,
,,,,,,,,,,,
,,,,,,,,,,,
,,,,,,,,,,,
,,,,,,,,,,,
,,,,,,,,,,,
,,,,,,,,,,,
,,,,,,,,,,,
,,,,,,,,,,,
,,,,,,,,,,,
,,,,,,,,,,,
,,,,,,,,,,,
,,,,,,,,,,,
,,,,,,,,,,,
,,,,,,,,,,,
,,,,,,,,,,,
,,,,,,,,,,,
,,,,,,,,,,,
,,,,,,,,,,,
,,,,,,,,,,,
,,,,,,,,,,,
,,,,,,,,,,,
,,,,,,,,,,,
,,,,,,,,,,,
,,,,,,,,,,,
,,,,,,,,,,,
,,,,,,,,,,,
,,,,,,,,,,,
,,,,,,,,,,,
,,,,,,,,,,,
,,,,,,,,,,,
,,,,,,,,,,,
,,,,,,,,,,,
,,,,,,,,,,,
,,,,,,,,,,,
,,,,,,,,,,,
,,,,,,,,,,,
,,,,,,,,,,,
,,,,,,,,,,,
,,,,,,,,,,,
,,,,,,,,,,,
,,,,,,,,,,,
,,,,,,,,,,,
,,,,,,,,,,,
,,,,,,,,,,,
,,,,,,,,,,,
,,,,,,,,,,,
,,,,,,,,,,,
,,,,,,,,,,,
,,,,,,,,,,,
,,,,,,,,,,,
,,,,,,,,,,,
,,,,,,,,,,,
,,,,,,,,,,,
,,,,,,,,,,,
,,,,,,,,,,,
,,,,,,,,,,,
,,,,,,,,,,,
,,,,,,,,,,,
,,,,,,,,,,,
,,,,,,,,,,,
,,,,,,,,,,,
,,,,,,,,,,,
,,,,,,,,,,,
,,,,,,,,,,,
,,,,,,,,,,,
,,,,,,,,,,,
,,,,,,,,,,,
,,,,,,,,,,,
,,,,,,,,,,,
,,,,,,,,,,,
,,,,,,,,,,,
,,,,,,,,,,,
,,,,,,,,,,,
,,,,,,,,,,,
,,,,,,,,,,,
,,,,,,,,,,,
,,,,,,,,,,,
,,,,,,,,,,,
,,,,,,,,,,,
,,,,,,,,,,,
,,,,,,,,,,,
,,,,,,,,,,,
,,,,,,,,,,,
,,,,,,,,,,,
,,,,,,,,,,,
,,,,,,,,,,,
,,,,,,,,,,,
,,,,,,,,,,,
,,,,,,,,,,,
,,,,,,,,,,,
,,,,,,,,,,,
,,,,,,,,,,,
,,,,,,,,,,,
,,,,,,,,,,,
,,,,,,,,,,,
,,,,,,,,,,,
,,,,,,,,,,,
,,,,,,,,,,,
,,,,,,,,,,,
,,,,,,,,,,,
,,,,,,,,,,,
,,,,,,,,,,,
,,,,,,,,,,,
,,,,,,,,,,,
,,,,,,,,,,,
,,,,,,,,,,,
,,,,,,,,,,,
,,,,,,,,,,,
,,,,,,,,,,,
,,,,,,,,,,,
,,,,,,,,,,,
,,,,,,,,,,,
,,,,,,,,,,,
,,,,,,,,,,,
,,,,,,,,,,,
,,,,,,,,,,,
,,,,,,,,,,,
,,,,,,,,,,,
,,,,,,,,,,,
,,,,,,,,,,,
,,,,,,,,,,,
,,,,,,,,,,,
,,,,,,,,,,,
,,,,,,,,,,,
,,,,,,,,,,,
,,,,,,,,,,,
,,,,,,,,,,,
,,,,,,,,,,,
,,,,,,,,,,,
,,,,,,,,,,,
,,,,,,,,,,,
,,,,,,,,,,,
,,,,,,,,,,,
,,,,,,,,,,,
,,,,,,,,,,,
,,,,,,,,,,,
,,,,,,,,,,,
,,,,,,,,,,,
,,,,,,,,,,,
,,,,,,,,,,,
,,,,,,,,,,,
,,,,,,,,,,,
,,,,,,,,,,,
,,,,,,,,,,,
,,,,,,,,,,,
,,,,,,,,,,,
,,,,,,,,,,,
,,,,,,,,,,,
,,,,,,,,,,,
,,,,,,,,,,,
,,,,,,,,,,,
,,,,,,,,,,,
,,,,,,,,,,,
,,,,,,,,,,,
,,,,,,,,,,,
,,,,,,,,,,,
,,,,,,,,,,,
,,,,,,,,,,,
,,,,,,,,,,,
,,,,,,,,,,,
,,,,,,,,,,,
,,,,,,,,,,,
,,,,,,,,,,,
,,,,,,,,,,,
,,,,,,,,,,,
,,,,,,,,,,,
,,,,,,,,,,,
,,,,,,,,,,,
,,,,,,,,,,,
,,,,,,,,,,,
,,,,,,,,,,,
,,,,,,,,,,,
,,,,,,,,,,,
,,,,,,,,,,,
,,,,,,,,,,,
,,,,,,,,,,,
,,,,,,,,,,,
,,,,,,,,,,,
,,,,,,,,,,,
,,,,,,,,,,,
,,,,,,,,,,,
,,,,,,,,,,,
,,,,,,,,,,,
,,,,,,,,,,,
,,,,,,,,,,,
,,,,,,,,,,,
,,,,,,,,,,,
,,,,,,,,,,,
,,,,,,,,,,,
,,,,,,,,,,,
,,,,,,,,,,,
,,,,,,,,,,,
,,,,,,,,,,,
,,,,,,,,,,,
,,,,,,,,,,,
,,,,,,,,,,,
,,,,,,,,,,,
,,,,,,,,,,,
,,,,,,,,,,,
,,,,,,,,,,,
,,,,,,,,,,,
,,,,,,,,,,,
,,,,,,,,,,,
,,,,,,,,,,,
,,,,,,,,,,,
,,,,,,,,,,,
,,,,,,,,,,,
,,,,,,,,,,,
,,,,,,,,,,,
,,,,,,,,,,,
,,,,,,,,,,,
,,,,,,,,,,,
,,,,,,,,,,,
,,,,,,,,,,,
,,,,,,,,,,,
,,,,,,,,,,,
,,,,,,,,,,,
,,,,,,,,,,,
,,,,,,,,,,,
,,,,,,,,,,,
,,,,,,,,,,,
,,,,,,,,,,,
,,,,,,,,,,,
,,,,,,,,,,,
,,,,,,,,,,,
,,,,,,,,,,,
,,,,,,,,,,,
,,,,,,,,,,,
,,,,,,,,,,,
,,,,,,,,,,,
,,,,,,,,,,,
,,,,,,,,,,,
,,,,,,,,,,,
,,,,,,,,,,,
,,,,,,,,,,,
,,,,,,,,,,,
,,,,,,,,,,,
,,,,,,,,,,,
,,,,,,,,,,,
,,,,,,,,,,,
,,,,,,,,,,,
,,,,,,,,,,,
,,,,,,,,,,,
,,,,,,,,,,,
,,,,,,,,,,,
,,,,,,,,,,,
,,,,,,,,,,,
,,,,,,,,,,,
,,,,,,,,,,,
,,,,,,,,,,,
,,,,,,,,,,,
,,,,,,,,,,,
,,,,,,,,,,,
,,,,,,,,,,,
,,,,,,,,,,,
,,,,,,,,,,,
,,,,,,,,,,,
,,,,,,,,,,,
,,,,,,,,,,,
,,,,,,,,,,,
,,,,,,,,,,,
,,,,,,,,,,,
,,,,,,,,,,,
,,,,,,,,,,,
,,,,,,,,,,,
,,,,,,,,,,,
,,,,,,,,,,,
,,,,,,,,,,,
,,,,,,,,,,,
,,,,,,,,,,,
,,,,,,,,,,,
,,,,,,,,,,,
,,,,,,,,,,,
,,,,,,,,,,,
,,,,,,,,,,,
,,,,,,,,,,,
,,,,,,,,,,,
,,,,,,,,,,,
,,,,,,,,,,,
,,,,,,,,,,,
,,,,,,,,,,,
,,,,,,,,,,,
,,,,,,,,,,,
,,,,,,,,,,,
,,,,,,,,,,,
,,,,,,,,,,,
,,,,,,,,,,,
,,,,,,,,,,,
,,,,,,,,,,,
,,,,,,,,,,,
,,,,,,,,,,,
,,,,,,,,,,,
,,,,,,,,,,,
,,,,,,,,,,,
,,,,,,,,,,,
,,,,,,,,,,,
,,,,,,,,,,,
,,,,,,,,,,,
,,,,,,,,,,,
,,,,,,,,,,,
,,,,,,,,,,,
,,,,,,,,,,,
,,,,,,,,,,,
,,,,,,,,,,,
,,,,,,,,,,,
,,,,,,,,,,,
,,,,,,,,,,,
,,,,,,,,,,,
,,,,,,,,,,,
,,,,,,,,,,,
,,,,,,,,,,,
,,,,,,,,,,,
,,,,,,,,,,,
,,,,,,,,,,,
,,,,,,,,,,,
,,,,,,,,,,,
,,,,,,,,,,,
,,,,,,,,,,,
,,,,,,,,,,,
,,,,,,,,,,,
,,,,,,,,,,,
,,,,,,,,,,,
,,,,,,,,,,,
,,,,,,,,,,,
,,,,,,,,,,,
,,,,,,,,,,,
,,,,,,,,,,,
,,,,,,,,,,,
,,,,,,,,,,,
,,,,,,,,,,,
,,,,,,,,,,,
,,,,,,,,,,,
,,,,,,,,,,,
,,,,,,,,,,,
,,,,,,,,,,,
,,,,,,,,,,,
,,,,,,,,,,,
,,,,,,,,,,,
,,,,,,,,,,,
,,,,,,,,,,,
,,,,,,,,,,,
,,,,,,,,,,,
,,,,,,,,,,,
,,,,,,,,,,,
,,,,,,,,,,,
,,,,,,,,,,,
,,,,,,,,,,,
,,,,,,,,,,,
,,,,,,,,,,,
,,,,,,,,,,,
,,,,,,,,,,,
,,,,,,,,,,,
,,,,,,,,,,,
,,,,,,,,,,,
,,,,,,,,,,,
,,,,,,,,,,,
,,,,,,,,,,,
,,,,,,,,,,,
,,,,,,,,,,,
,,,,,,,,,,,
,,,,,,,,,,,
,,,,,,,,,,,
,,,,,,,,,,,
,,,,,,,,,,,
,,,,,,,,,,,
,,,,,,,,,,,
,,,,,,,,,,,
,,,,,,,,,,,
,,,,,,,,,,,
,,,,,,,,,,,
,,,,,,,,,,,
,,,,,,,,,,,
,,,,,,,,,,,
,,,,,,,,,,,
,,,,,,,,,,,
,,,,,,,,,,,
,,,,,,,,,,,
,,,,,,,,,,,
,,,,,,,,,,,
,,,,,,,,,,,
,,,,,,,,,,,
,,,,,,,,,,,
,,,,,,,,,,,
,,,,,,,,,,,
,,,,,,,,,,,
,,,,,,,,,,,
,,,,,,,,,,,
,,,,,,,,,,,
,,,,,,,,,,,
,,,,,,,,,,,
,,,,,,,,,,,
,,,,,,,,,,,
,,,,,,,,,,,
,,,,,,,,,,,
,,,,,,,,,,,
,,,,,,,,,,,
,,,,,,,,,,,
,,,,,,,,,,,
,,,,,,,,,,,
,,,,,,,,,,,
,,,,,,,,,,,
,,,,,,,,,,,
,,,,,,,,,,,
,,,,,,,,,,,
,,,,,,,,,,,
,,,,,,,,,,,
,,,,,,,,,,,
,,,,,,,,,,,
,,,,,,,,,,,
,,,,,,,,,,,
,,,,,,,,,,,
,,,,,,,,,,,
,,,,,,,,,,,
,,,,,,,,,,,
,,,,,,,,,,,
,,,,,,,,,,,
,,,,,,,,,,,
,,,,,,,,,,,
,,,,,,,,,,,
,,,,,,,,,,,
,,,,,,,,,,,
,,,,,,,,,,,
,,,,,,,,,,,
,,,,,,,,,,,
,,,,,,,,,,,
,,,,,,,,,,,
,,,,,,,,,,,
,,,,,,,,,,,
,,,,,,,,,,,
,,,,,,,,,,,
,,,,,,,,,,,
,,,,,,,,,,,
,,,,,,,,,,,
,,,,,,,,,,,
,,,,,,,,,,,
,,,,,,,,,,,
,,,,,,,,,,,
,,,,,,,,,,,
,,,,,,,,,,,
,,,,,,,,,,,
,,,,,,,,,,,
,,,,,,,,,,,
,,,,,,,,,,,
,,,,,,,,,,,
,,,,,,,,,,,
,,,,,,,,,,,
,,,,,,,,,,,
,,,,,,,,,,,
,,,,,,,,,,,
,,,,,,,,,,,
,,,,,,,,,,,
,,,,,,,,,,,
,,,,,,,,,,,
,,,,,,,,,,,
,,,,,,,,,,,
,,,,,,,,,,,
,,,,,,,,,,,
,,,,,,,,,,,
,,,,,,,,,,,
,,,,,,,,,,,
,,,,,,,,,,,
,,,,,,,,,,,
,,,,,,,,,,,
,,,,,,,,,,,
,,,,,,,,,,,
,,,,,,,,,,,
,,,,,,,,,,,
,,,,,,,,,,,
,,,,,,,,,,,
,,,,,,,,,,,
,,,,,,,,,,,
,,,,,,,,,,,
,,,,,,,,,,,
,,,,,,,,,,,
,,,,,,,,,,,
,,,,,,,,,,,
,,,,,,,,,,,
,,,,,,,,,,,
,,,,,,,,,,,
,,,,,,,,,,,
,,,,,,,,,,,
,,,,,,,,,,,
,,,,,,,,,,,
,,,,,,,,,,,
,,,,,,,,,,,
,,,,,,,,,,,
,,,,,,,,,,,
,,,,,,,,,,,
,,,,,,,,,,,
,,,,,,,,,,,
,,,,,,,,,,,
,,,,,,,,,,,
,,,,,,,,,,,
,,,,,,,,,,,
,,,,,,,,,,,
,,,,,,,,,,,
,,,,,,,,,,,
,,,,,,,,,,,
,,,,,,,,,,,
,,,,,,,,,,,
,,,,,,,,,,,
,,,,,,,,,,,
,,,,,,,,,,,
,,,,,,,,,,,
,,,,,,,,,,,
,,,,,,,,,,,
,,,,,,,,,,,
,,,,,,,,,,,
,,,,,,,,,,,
,,,,,,,,,,,
,,,,,,,,,,,
,,,,,,,,,,,
,,,,,,,,,,,
,,,,,,,,,,,
,,,,,,,,,,,
,,,,,,,,,,,
,,,,,,,,,,,
,,,,,,,,,,,
,,,,,,,,,,,
,,,,,,,,,,,
,,,,,,,,,,,
,,,,,,,,,,,
,,,,,,,,,,,
,,,,,,,,,,,
,,,,,,,,,,,
,,,,,,,,,,,
,,,,,,,,,,,
,,,,,,,,,,,
,,,,,,,,,,,
,,,,,,,,,,,
,,,,,,,,,,,
,,,,,,,,,,,
,,,,,,,,,,,
,,,,,,,,,,,
,,,,,,,,,,,
,,,,,,,,,,,
,,,,,,,,,,,
,,,,,,,,,,,
,,,,,,,,,,,
,,,,,,,,,,,
,,,,,,,,,,,
,,,,,,,,,,,
,,,,,,,,,,,
,,,,,,,,,,,
